名字,评分,户型,出租类型,可住,价格,图片地址,城市
近文殊院地铁站 | 近宽窄巷子舒适套房,4.4,1室,整租,2,268,//pics.muniao.com//UploadFiles/thumb/image/20160120/20160120160744924.jpg_414_262.jpg,chengdu
成都青青我家短租公寓大床（中医药大学省医院店,4.9,1室,整租,2,128,//pics.muniao.com//UploadFiles/root/room/13643/thumb/601740106c9348a3aa8b174c52591e7c.jpg_414_262.jpg,chengdu
【月租】蔚蓝天空/春熙路太古里/天府广场双铁/一居室/低价长租,5.0,1室,整租,4,258,//pics.muniao.com//UploadFiles/thumb/image/20180607/e51207f74d6f4c579e6e2d98e034696220180607172909368.jpg_414_262.jpg,chengdu
都江堰景区步行可达/机麻棋牌/宽敞舒适全屋空调,5.0,4室,整租,8,398,//pics.muniao.com//UploadFiles/thumb/image/20180613/3eed70eaa43340d69a27c0309076cb5920180613111851548.jpg_414_262.jpg,chengdu
【唯爱驿站】春熙路IFS太古里天府广场一二号线交汇北欧风格/低价长租,5.0,1室,整租,2,225,//pics.muniao.com//UploadFiles/thumb/image/20171226/9979355a9ffc4a26aa7a3b2619b20ae120171226223941610.jpg_414_262.jpg,chengdu
地铁犀浦站loft新房大床房地铁直达/春熙、太古里,5.0,1室,整租,2,238,//pics.muniao.com//UploadFiles/root/room/148945/thumb/d172727326a644d19f6bd7149b768d74.jpg_414_262.jpg,chengdu
双流机场/川大旁/地铁8号线/豪华温馨跃层Loft/无接触入住/可洗衣做饭,5.0,1室,整租,2,208,//pics.muniao.com//UploadFiles/root/room/141563/thumb/0b8b482794234d928f8f009ff94ae99f.jpeg_414_262.jpeg,chengdu
【The House雅居】Panda贰•宽窄巷子新城市广场简约,4.5,2室,整租,4,228,//pics.muniao.com//UploadFiles/thumb/image/20181009/414e44bdfca34afda601a278b7df6a2420181009110734896.jpg_414_262.jpg,chengdu
锦里*华西*玉林*欧式新古典跃层两居,5.0,2室,整租,4,488,//pics.muniao.com//UploadFiles/thumb/image/20180717/9ae9ff00327e4e299ef45c5056ad3db620180717170312621.jpg_414_262.jpg,chengdu
春熙路太古里IFS：北欧风情A,5.0,1室,整租,2,288,//pics.muniao.com//UploadFiles/root/room/140654/thumb/9a29e26d7f8b42b3a1eb6e44cd94be28.jpg_414_262.jpg,chengdu
套一近茶店子人人乐欢乐谷一品天下近6号地铁,4.9,1室,整租,2,158,//pics.muniao.com//UploadFiles/root/room/95162/thumb/3be441a049844ea1a5ad3ed3471a0d2f.jpg_414_262.jpg,chengdu
春熙路太古里IFS：北欧风公主房A,4.9,1室,整租,2,288,//pics.muniao.com//UploadFiles/root/room/35698/thumb/7ee205a9896d480fa01cd68095c355ac.jpg_414_262.jpg,chengdu
【唯爱驿站】天府广场地铁一二号线春熙路太古里盐市口套一加沙发床 /低价长租,4.9,1室,整租,2,225,//pics.muniao.com//UploadFiles/root/room/131890/thumb/bbdeafeb548f4bb1a01f89cc3be0ea58.jpg_414_262.jpg,chengdu
寬窄巷子 文殊院 太古里 不慕仙度假獨立屋一居,5.0,1室,整租,2,888,//pics.muniao.com//UploadFiles/thumb/image/20180527/a45f84b04f7c4562b48dde94cb4e1fd720180527170851051.jpg_414_262.jpg,chengdu
上锦南府医院华西分院温馨三居室,5.0,3室,整租,7,268,//pics.muniao.com//UploadFiles/root/room/146449/thumb/41024d3762164a4ba8d7eaf0aae74c1d.jpg_414_262.jpg,chengdu
成都机场川大8分钟锦里春熙路半小时精致小家,5.0,1室,整租,1,188,//pics.muniao.com//UploadFiles/root/room/124870/thumb/35ffae1265f94a7c8ab16758de8041e9.jpg_414_262.jpg,chengdu
【留蜀】宽窄巷子 ins投影 人民公园,5.0,2室,整租,4,351,//pics.muniao.com//UploadFiles/thumb/image/20180813/9450bd072d284fb0aac0b07af563ecfd20180813173911884.jpg_414_262.jpg,chengdu
套二阁楼北欧主题一品天下凯德广场茶店子欢乐谷近6号线,4.8,2室,整租,4,158,//pics.muniao.com//UploadFiles/root/room/95494/thumb/64af3c662afb4943ae311b4061a30c34.jpg_414_262.jpg,chengdu
成都宽窄巷子卷舒堂印象美洲海岸精致房,4.5,1室,整租,3,298,//pics.muniao.com//UploadFiles/root/room/77583/thumb/b1b4261fd58f490c876c016ceb5f7c56.jpg_414_262.jpg,chengdu
 成都东站 火车东站 2号线地铁 田园三居室 日租房,5.0,3室,整租,6,268,//pics.muniao.com//UploadFiles/root/room/73177/thumb/b1402fa3bba74306b54be172c0e30c5e.jpg_414_262.jpg,chengdu
标间在上锦南府华西医院对面民宿,4.5,6室,单间出租,4,89,//pics.muniao.com//UploadFiles/thumb/image/20180804/65995353e2d940ce9ff2ac7a886bb1bd20180804175042215.jpg_414_262.jpg,chengdu
"成都天府广场武侯祠机麻套房两室一厅精品套房
地铁口",4.9,2室,整租,5,399,//pics.muniao.com//UploadFiles/root/room/158567/thumb/59c336ff6262493b8f7d25c14ac52723.jpg_414_262.jpg,chengdu
紧邻成都火车东站 宇玲小姐家   独卫大床房,4.7,5室,单间出租,2,128,//pics.muniao.com//UploadFiles/root/room/151376/thumb/4a85958fa0ef4490967561026cd76e67.jpg_414_262.jpg,chengdu
成都火车东站附近 春意单间,5.0,5室,单间出租,1,58,//pics.muniao.com//UploadFiles/root/room/150997/thumb/273a6d1ec34e4bb6a2b82082fdfd0169.jpg_414_262.jpg,chengdu
春熙路王府井一室一厅套房,5.0,1室,整租,2,210,//pics.muniao.com//UploadFiles/root/room/147811/thumb/012a3199a6434216bfb91a540c7209d0.jpeg_414_262.jpeg,chengdu
南府医院华西分院 单间 可洗衣煮饭,4.8,3室,单间出租,2,80,//pics.muniao.com//UploadFiles/root/room/146450/thumb/0f5643bea1ac4517a1b2683d8e37a158.jpg_414_262.jpg,chengdu
【高清巨幕投影】【100米内吃遍宽窄巷子20家美食】【150平精装北欧双卫舒居】,5.0,3室,整租,6,1500,//pics.muniao.com//UploadFiles/thumb/image/20180823/eb988444431e42be825aa63ea1a57dda20180823101304847.jpg_414_262.jpg,chengdu
四川大学华西医院上锦分院整租三居室,4.8,3室,整租,8,188,//pics.muniao.com//UploadFiles/root/room/146747/thumb/f6c468ff6a694badb1539fe1e99fe122.jpg_414_262.jpg,chengdu
春熙路 太古里附近一居室整租,4.8,1室,整租,2,98,//pics.muniao.com//UploadFiles/root/room/19935/thumb/1927e7ec07ed40f680d6253936fe9586.jpg_414_262.jpg,chengdu
（榻榻米书吧）春熙路太古里/西华大学/电子科大/四川传媒/青城山都江堰（可长租）,4.8,2室,整租,5,298,//pics.muniao.com//UploadFiles/root/room/270039/thumb/5a3c5b57b3124e128e0426f69fa69d25.jpg_414_262.jpg,chengdu
紧邻成都东站 幸运屋 星绿单间,5.0,5室,单间出租,1,78,//pics.muniao.com//UploadFiles/root/room/150994/thumb/76963691a31e4759b155a2fb36335422.jpg_414_262.jpg,chengdu
成都家在旅途春熙路太古里家庭双卧套房,4.8,2室,整租,4,158,//pics.muniao.com//UploadFiles/root/room/116021/thumb/f9f7b243784e41be8909be4ad6124f0b.jpeg_414_262.jpeg,chengdu
成都宽窄巷子卷舒堂印象熊猫主题套房,4.5,2室,整租,3,278,//pics.muniao.com//UploadFiles/root/room/77607/thumb/b287ef3e822949b1bb24457e72b0eeb7.jpg_414_262.jpg,chengdu
归蜀 湖镜 春熙路 IFS 太古里,4.6,2室,整租,4,468,//pics.muniao.com//UploadFiles/thumb/image/20180527/f3491c53eb6441678fe952878611917920180527144644761.jpg_414_262.jpg,chengdu
成都火车东站旁精致小单间房,4.8,5室,单间出租,1,58,//pics.muniao.com//UploadFiles/root/room/147573/thumb/183e6f869d4c41e58fadcd45dada5ddc.jpg_414_262.jpg,chengdu
紧靠地铁3号线新南门站迷你双人房,4.7,1室,整租,1,78,//pics.muniao.com//UploadFiles/root/room/147130/thumb/4b29387160bf429f84fb96ab7f121b84.jpg_414_262.jpg,chengdu
天府广场、春熙路商圈商务单人间,4.5,1室,整租,2,128,//pics.muniao.com//UploadFiles/root/room/147111/thumb/adabaccad09f4ee1829e52c732ec77b0.jpg_414_262.jpg,chengdu
【The House雅居】星月•近夜猫子夜市.宽窄巷子.奎星楼街,5.0,1室,整租,4,228,//pics.muniao.com//UploadFiles/thumb/image/20171212/62719151319242e886db01ece31e3e8520171212150451782.jpg_414_262.jpg,chengdu
紧挨四川大学豪华标准双床房,4.5,1室,整租,4,168,//pics.muniao.com//UploadFiles/root/room/147129/thumb/c13549ab18234c3393e6ab3659c5d36a.jpg_414_262.jpg,chengdu
凯德广场 loft2居室温馨简约风,3.0,2室,整租,2,188,//pics.muniao.com//UploadFiles/root/room/267155/thumb/9d62d516511c4915a95c1a85ef03b630.jpg_414_262.jpg,chengdu
华西医院附二院西藏成办武侯祠锦里房一居,4.5,1室,整租,4,218,//pics.muniao.com//UploadFiles/thumb/image/20180802/21f74cee708a4b43b01fb6eedb1e3c8b20180802085015083.jpg_414_262.jpg,chengdu
温江大学城地铁首座花语家庭温馨公寓,5.0,1室,整租,2,159,//pics.muniao.com//UploadFiles/thumb/image/20170106/0665102c1970483eb7e1651dc155c83c20170106132749618.jpg_414_262.jpg,chengdu
田园小清新风格大床房,5.0,1室,整租,2,178,//pics.muniao.com//UploadFiles/thumb/image/20180819/3530b0228b624999943f026f1880762f20180819202308386.jpg_414_262.jpg,chengdu
紧邻成都东站 等花开 蓝色梦单间,5.0,5室,单间出租,1,55,//pics.muniao.com//UploadFiles/root/room/150996/thumb/722c17f8d5da4c0c9d4a7c79b93990ee.jpg_414_262.jpg,chengdu
机场近川大蓝色田园风温馨浪漫小套房,5.0,1室,整租,2,178,//pics.muniao.com//UploadFiles/root/room/110812/thumb/043afe243f6242e99ddc4d1ac880f95e.jpg_414_262.jpg,chengdu
二号线茶店子车站金沙宽窄巷子欢乐谷茶小二居室,5.0,1室,整租,4,198,//pics.muniao.com//UploadFiles/thumb/image/20180113/a5aa21f645964afe8868c3a438847b7b20180113030846677.jpg_414_262.jpg,chengdu
市二医院門吉小屋 黑白系列 大床房,5.0,1室,整租,2,286,//pics.muniao.com//UploadFiles/root/room/165762/thumb/1884214cb5c64496ac35d7ca7b4d80b9.jpg_414_262.jpg,chengdu
【secome可临】武侯祠锦里地铁直达春熙路太古里,5.0,1室,整租,2,220,//pics.muniao.com//UploadFiles/root/room/134445/thumb/05df682413bd469a9e31238dee90a74f.jpg_414_262.jpg,chengdu
大地新光华杜甫草堂精装大床房,4.8,1室,整租,2,168,//pics.muniao.com//UploadFiles/root/room/191987/thumb/21461e9f6e4e4e9b8cce25773fbb5757.jpg_414_262.jpg,chengdu
地铁1号线四河站A口/标准套一/软件园/世纪城会展/文殊院/可以做饭，免费开发票,5.0,1室,整租,2,108,//pics.muniao.com//UploadFiles/root/room/160396/thumb/df39181f432f40c88a4a8afbaccc769c.jpg_414_262.jpg,chengdu
二号线茶店子车站金沙宽窄巷子欢乐谷茶小一居室,4.8,1室,整租,3,140,//pics.muniao.com//UploadFiles/thumb/image/20180113/6c858130b00e458089e0b269a4d6451420180113021241535.jpg_414_262.jpg,chengdu
地铁四号线宽窄巷子双地铁尚居loft套三三床房,5.0,3室,整租,5,368,//pics.muniao.com//UploadFiles/root/room/147989/thumb/c356b6563f2c4d718d9355dbd585bdbf.jpg_414_262.jpg,chengdu
火车东站春色浪漫大床房,5.0,5室,单间出租,2,88,//pics.muniao.com//UploadFiles/root/room/147574/thumb/f53b3be9c6aa4e7caaf502bad19a0581.jpg_414_262.jpg,chengdu
春熙路商圈迷你单人间,4.3,1室,整租,2,78,//pics.muniao.com//UploadFiles/root/room/147144/thumb/9a871962d75c40499db6732f900911d5.jpg_414_262.jpg,chengdu
♛100寸投影♛龙湖上层♞高层景观地铁口房_欢乐谷宽窄巷子春熙路熊猫动物园,5.0,3室,整租,6,238,//pics.muniao.com//UploadFiles/root/room/81803/thumb/5f067dd9cbfe44aca45fe5c742e97ea0.jpeg_414_262.jpeg,chengdu
紧邻火车东站小阳台单人床,5.0,5室,单间出租,1,68,//pics.muniao.com//UploadFiles/root/room/147577/thumb/0eed74ea22fe4a10ba4539c55ac12a2b.jpg_414_262.jpg,chengdu
锦里、宽窄巷子商务大床房,5.0,1室,整租,2,138,//pics.muniao.com//UploadFiles/root/room/147116/thumb/5c529896a82944f3806bb634f6511131.jpg_414_262.jpg,chengdu
天府软件园附近地铁一号线四河地铁口豪华装修整套二房带暖气，免费为租客提供租房发票,4.5,1室,整租,4,220,//pics.muniao.com//UploadFiles/root/room/158997/thumb/c15f911a000c4db1a1308a3c89cf7c51.jpg_414_262.jpg,chengdu
四川大学、省音乐学院豪华观景大床房,4.7,5室,单间出租,2,148,//pics.muniao.com//UploadFiles/root/room/147123/thumb/a59fe956d5f340f4b6160961555f1dbd.jpg_414_262.jpg,chengdu
保利精装3室地铁口 高铁直达青城山都江堰,4.9,3室,整租,6,528,//pics.muniao.com//UploadFiles/root/room/116017/thumb/d720bf0a80f6450685d3b0c65959c87d.jpg_414_262.jpg,chengdu
地铁二号线龙泉驿A出口/秋实田园精品二居,4.7,2室,整租,6,268,//pics.muniao.com//UploadFiles/thumb/image/20180927/bf1b32950dad49dd9ee1df5d163ff0ee20180927140532314.jpg_414_262.jpg,chengdu
唐人街唐顿庄园精装一居室,5.0,1室,整租,2,168,//pics.muniao.com//UploadFiles/thumb/image/20180724/c40530cf19ef49cda790d9b4cd2f113620180724110729087.jpg_414_262.jpg,chengdu
阳光城堡别墅轰趴馆--莫奈的花园,4.8,7室,整租,14,2680,//pics.muniao.com//UploadFiles/thumb/image/20190901/2eed1985f18e4c2796ee9f26341f9a0b20190901101254500.jpg_414_262.jpg,chengdu
大观镇东岳街 青城外山风景区,5.0,1室,整租,2,168,//pics.muniao.com//UploadFiles/root/room/137107/thumb/b8f9f488443c4f70baed8338554521a2.jpg_414_262.jpg,chengdu
近武侯祠七室两厅超大美式豪宅,5.0,7室,整租,14,1800,//pics.muniao.com//UploadFiles/thumb/image/20180629/0c33e41b9dc44cecb341c1efa593ca2720180629144208583.jpg_414_262.jpg,chengdu
金融城银泰中心华悦居菲斯服务公寓一居室,5.0,1室,整租,2,519,//pics.muniao.com//UploadFiles/thumb/image/20180711/c705c6dad7074c7999279827532be8fa20180711112358924.jpg_414_262.jpg,chengdu
春熙路太古里宽窄巷子SM广场两居室,5.0,2室,整租,4,700,//pics.muniao.com//UploadFiles/root/room/177267/thumb/b6aa27d959214d1f9a2508cd10f06529.jpg_414_262.jpg,chengdu
理工大学地铁口/外星人 两居室 可住4人,5.0,2室,整租,4,999,//pics.muniao.com//UploadFiles/root/room/172240/thumb/a1ae9741a35c4187b3e74cdf1ec90b96.jpg_414_262.jpg,chengdu
紧靠地铁3号线温馨单人间,5.0,1室,整租,2,128,//pics.muniao.com//UploadFiles/root/room/147140/thumb/e1c58f6a16c747dba4325041fa67eff7.jpg_414_262.jpg,chengdu
天府广场、春熙路商圈温馨标准双床房,4.0,1室,整租,4,168,//pics.muniao.com//UploadFiles/root/room/147120/thumb/d0a95112f1f94c98838ddacad935fbb0.jpg_414_262.jpg,chengdu
人民公园 华西医院、四川大学家庭豪华观景房,4.8,1室,整租,2,148,//pics.muniao.com//UploadFiles/root/room/147118/thumb/1a84bbf6f662417c8f28cd318190f4d5.jpg_414_262.jpg,chengdu
免费拍照/熊猫基地/太古里/春熙路/驷马桥古风一居室,5.0,1室,整租,2,228,//pics.muniao.com//UploadFiles/root/room/268072/thumb/e0171d36010041418ebf38e467c8e515.jpg_414_262.jpg,chengdu
太古里春熙路晶融汇IFS北欧风摇椅居,5.0,1室,整租,2,268,//pics.muniao.com//UploadFiles/root/room/265156/thumb/17270d176e574f17bedefee58a2aa03d.jpg_414_262.jpg,chengdu
东客站地铁口/舒适大床落地窗整套出租/全套家电可做饭,5.0,1室,整租,2,599,//pics.muniao.com//UploadFiles/thumb/image/20181123/f9858d9f236047a99b2693c751a1156620181123230708887.jpg_414_262.jpg,chengdu
美好江南--温江国色天香国庆团建聚会别墅轰趴馆,5.0,4室,整租,10,2080,//pics.muniao.com//UploadFiles/thumb/image/20181002/276cc5c1a70a44f8b914307caa9ae83320181002115602075.jpg_414_262.jpg,chengdu
【留蜀】宽窄巷子 原木投影 人民公园,5.0,2室,整租,4,299,//pics.muniao.com//UploadFiles/thumb/image/20180813/9f105a0cea7043bdb1b11c4df79b966020180813163335423.jpg_414_262.jpg,chengdu
紧邻百伦商场精装舒适一居室,5.0,1室,整租,2,298,//pics.muniao.com//UploadFiles/thumb/image/20180817/0603d5b401e24c24b9d04f0bb0e1fb8720180817175446570.jpg_414_262.jpg,chengdu
春熙路太古里IFS：北欧公主房B 一居,4.9,1室,整租,2,218,//pics.muniao.com//UploadFiles/root/room/223314/thumb/2da9bf2544b241329422f519636fcf01.jpg_414_262.jpg,chengdu
公司团建，生日派对老同学聚会假期旅游别墅轰趴馆,5.0,3室,整租,10,1388,//pics.muniao.com//UploadFiles/thumb/image/20180530/96774e35c59d4fa0b077151219d4fcdd20180530194150200.jpg_414_262.jpg,chengdu
春熙路太古里/天府广场地铁一二号线/机场大巴一居/低价长租,5.0,1室,整租,2,225,//pics.muniao.com//UploadFiles/thumb/image/20180725/c2377f4300ce4cdb8ddbf33125a58a6820180725123757183.jpg_414_262.jpg,chengdu
双流航空港民大旁/豪华温馨一居室/地铁10号线/无接触入住/可洗衣做饭,5.0,1室,整租,2,158,//pics.muniao.com//UploadFiles/root/room/167170/thumb/8685e1660bab4d29870bcf0a46396b1f.jpg_414_262.jpg,chengdu
四室三厅机麻小区外地铁口宽窄巷子、锦里 旅游家,5.0,4室,整租,8,529,//pics.muniao.com//UploadFiles/root/room/163898/thumb/fdd1c10eef014730bd2a17e0767319ff.jpg_414_262.jpg,chengdu
双流机场/地铁8号线/川大民大附近/精装温馨一居/无接触入住/可洗衣做饭,5.0,1室,整租,2,108,//pics.muniao.com//UploadFiles/root/room/131526/thumb/66d9d92f76204fd5997f510c1e280fdc.jpg_414_262.jpg,chengdu
万达锦华城/地铁6号8号线/近川大川师七中嘉祥/ 温馨一居/可洗衣做饭,5.0,1室,整租,2,188,//pics.muniao.com//UploadFiles/root/room/130616/thumb/e93cb91a6f424a9bb0f222fd7b8b679e.jpg_414_262.jpg,chengdu
梦幻岛乐园旁 近海洋公园 舒适一居电梯公寓,5.0,1室,整租,2,150,//pics.muniao.com//UploadFiles/root/room/112354/thumb/10145c4b7dc342cd8178495d9691192c.jpg_414_262.jpg,chengdu
鹏瑞利广场附近三居室整租,5.0,3室,整租,6,358,//pics.muniao.com//UploadFiles/root/room/88531/thumb/e76b5608a3df4d62aa0e20ee035a7578.jpg_414_262.jpg,chengdu
万象城春熙路宽窄九远桥现代简约二居,5.0,2室,整租,4,348,//pics.muniao.com//UploadFiles/root/room/74929/thumb/25b88be2283f4d4f9ce3bc7482f2f8ef.jpg_414_262.jpg,chengdu
都江堰泰安古镇旁美式怀旧复式乡村家庭套房,5.0,2室,整租,4,388,//pics.muniao.com//UploadFiles/root/room/65411/thumb/2428f414d401471baec73e4103e8d438.jpg_414_262.jpg,chengdu
八宝街新城市广场家庭式公寓拎包入住可做饭,4.9,1室,整租,2,128,//pics.muniao.com//UploadFiles/thumb/image/20160606/20160606172349802.jpg_414_262.jpg,chengdu
春熙路太古里步行街旁大床房/双地铁/市区景点,5.0,1室,整租,3,89,//pics.muniao.com//UploadFiles/root/room/20172/thumb/b1d89213897c44a880dd64f26c23884f.jpg_414_262.jpg,chengdu
柠檬公寓之忆锦湾/锦里华西武侯祠宽窄巷子 三居室,4.9,3室,整租,8,1299,//pics.muniao.com//UploadFiles/root/room/279560/thumb/a46e3df619a24ae690ea0c43df8763d9.jpg_414_262.jpg,chengdu
火车南站森林系北欧日式3居套房,4.0,3室,整租,6,466,//pics.muniao.com//UploadFiles/root/room/278523/thumb/92856106e72f44df8a1e251820d43cbe.jpg_414_262.jpg,chengdu
春熙路宽窄巷子旁双地铁温馨套一,5.0,1室,整租,2,218,//pics.muniao.com//UploadFiles/root/room/276840/thumb/6e9a75dfaec04dc79578c97d48d5d8a6.jpg_414_262.jpg,chengdu
大邑花水湾温泉度假～泳情别墅5室6床10-12人,5.0,5室,整租,12,1399,//pics.muniao.com//UploadFiles/root/thumb/230712/30be6485c31246399993589e53b09494.jpg_414_262.jpg,chengdu
地铁二号线龙泉驿站A出口/冬暖/田园风精品二居,4.9,2室,整租,6,268,//pics.muniao.com//UploadFiles/root/room/272987/thumb/0ae57ba627f74ff1b746c1ee21f7cc68.jpg_414_262.jpg,chengdu
玉林西路小酒馆/锦里/武侯祠/春熙路/大床房,4.2,1室,整租,2,318,//pics.muniao.com//UploadFiles/root/room/271576/thumb/46e9fb99a80c49da8719c0f65e5b58c3.jpg_414_262.jpg,chengdu
【溪水旁】建设巷/东郊记忆/电子科技大学/开放式厨房+婴儿床/温馨一居室,5.0,1室,整租,3,338,//pics.muniao.com//UploadFiles/thumb/image/20181113/8bdcd7b7bd6d402da11a8063e4e5b5ea20181113124504296.jpg_414_262.jpg,chengdu
粉色少女风 川师地铁口 龙舟路三圣花乡四川师范大学旁精装大床房,5.0,1室,整租,2,168,//pics.muniao.com//UploadFiles/root/room/249220/thumb/90e885b29c1547f69b21391b1682eb56.jpeg_414_262.jpeg,chengdu
青城山景区附近别墅温馨花园套房,5.0,2室,整租,4,1088,//pics.muniao.com//UploadFiles/thumb/image/20180915/040175fa95d0401ca5775ab98649beb620180915124550518.jpg_414_262.jpg,chengdu
慢山花园7号别墅成都花水湾温泉西岭雪山三居室,5.0,3室,整租,7,860,//pics.muniao.com//UploadFiles/thumb/image/20180904/2ea02953c9ef421d9252cd60a76fe2b620180904143046800.jpg_414_262.jpg,chengdu
双楠/地铁3号线/少陵路/伊藤洋华堂/宽窄巷/锦里/草堂/金沙/成都职业技术学院,5.0,1室,整租,2,167,//pics.muniao.com//UploadFiles/thumb/image/20180810/f306bf0d583d48a187f2d8ef2a37e05a20180810231904337.jpg_414_262.jpg,chengdu
近成都东站 川师附近 地铁房 可直达春熙路 宽窄巷子万科品质温馨套房,5.0,3室,整租,5,368,//pics.muniao.com//UploadFiles/thumb/image/20180621/ad9150b3da3343bfb461309c721b4afb20180621092728968.jpg_414_262.jpg,chengdu
趣住chic inn/家有萌喵/全屋榻榻米/市中心紧邻宽窄巷子，春熙路，太古里,5.0,2室,单间出租,2,178,//pics.muniao.com//UploadFiles/thumb/image/20180626/82581e85e93843979de073f6dc07b96120180626101709473.jpg_414_262.jpg,chengdu
宽窄巷子1/人民公园两居室 ,4.0,2室,整租,3,188,//pics.muniao.com//UploadFiles/thumb/image/20180611/b2d5691abb8a4343895e615a2ed1598b20180611095237433.jpg_414_262.jpg,chengdu
【青城山玖零驿站】四居免费做饭机麻,5.0,4室,整租,10,998,//pics.muniao.com//UploadFiles/thumb/image/20181228/e14593d68b7d47ef98447138a949ca3e20181228203431703.jpg_414_262.jpg,chengdu
锦里/宽窄巷子/武侯祠/草堂附近带厨房一居室室,5.0,1室,整租,2,268,//pics.muniao.com//UploadFiles/thumb/image/20180807/9c427c5bc57249b5a2b62740224da5ab20180807235049235.jpg_414_262.jpg,chengdu
成都天府广场，宽窄巷子，春熙路，太古里温馨一居,4.5,1室,整租,2,228,//pics.muniao.com//UploadFiles/thumb/image/20180424/0cf2592443264c4c9bda7aca225ce87320180424234004575.jpg_414_262.jpg,chengdu
2人住单间，文化宫4、7号线地铁旁，单间,5.0,3室,单间出租,2,128,//pics.muniao.com//UploadFiles/thumb/image/20180427/c9867e55c625489a87bb433dae69996320180427212729405.jpg_414_262.jpg,chengdu
【简·纯】ins风/IFS/太古里/3、4号线地铁一室一厅双床套房双空调/投影,5.0,1室,整租,4,208,//pics.muniao.com//UploadFiles/root/room/181212/thumb/1f4e2733b9e44feaaeb95a348885f8e7.jpg_414_262.jpg,chengdu
【简·漫】春熙路/IFS/太古里/双地铁。适合爱美爱拍照的小仙女或爱浪漫的情侣入,5.0,1室,整租,2,188,//pics.muniao.com//UploadFiles/root/room/181177/thumb/aab489536cfe47f1a52d09cb1198a188.jpg_414_262.jpg,chengdu
春熙路 太古里旁 安静美丽的小房子,5.0,3室,整租,4,386,//pics.muniao.com//UploadFiles/root/room/161072/thumb/8afe92bd017347f9ad976fd3c5512b4a.jpg_414_262.jpg,chengdu
地铁1号线四河站/天府软件园/欧洲中心/春熙路/文殊院/交通便利/可做饭,4.6,1室,整租,2,280,//pics.muniao.com//UploadFiles/root/room/149401/thumb/9dbb81177358427fbd01cc437d09c1ae.jpg_414_262.jpg,chengdu
武侯祠、宽窄巷子简约商务双人房,4.6,1室,整租,2,128,//pics.muniao.com//UploadFiles/root/room/147114/thumb/0d16670e248743a3ac59d82522e277f7.jpg_414_262.jpg,chengdu
华西医院、四川大学精品单人间,4.6,1室,整租,2,88,//pics.muniao.com//UploadFiles/root/room/147110/thumb/da50bde0ffd24aec9fba0e7f96c627f3.jpg_414_262.jpg,chengdu
托普学院附近精装三居室,5.0,3室,整租,8,268,//pics.muniao.com//UploadFiles/root/room/146750/thumb/a97b056e14b74572ba67a95d28c0e158.jpg_414_262.jpg,chengdu
【The House雅居】亲子•近夜猫子夜市.宽窄巷子.奎星楼街,4.9,2室,整租,3,228,//pics.muniao.com//UploadFiles/thumb/image/20170927/cf3e6036abed44c19c660b74f6049fc220170927224306458.jpg_414_262.jpg,chengdu
二环内双地铁&快速公交|古色品质雅居三居室,5.0,3室,整租,4,860,//pics.muniao.com//UploadFiles/root/room/132716/thumb/89bc5292e5eb4c4e9b367a84f5207379.jpg_414_262.jpg,chengdu
平乐古镇临江花园洋园二居套房出租，可做饭,5.0,2室,整租,4,358,//pics.muniao.com//UploadFiles/root/room/131524/thumb/359b9da31c084e118330ed533187f972.jpg_414_262.jpg,chengdu
思佳雅居 A大隐 唯美三居 高性价比,5.0,3室,整租,6,1000,//pics.muniao.com//UploadFiles/root/room/127915/thumb/d191fdb6509b4374bb3f41030c2100da.jpg_414_262.jpg,chengdu
青城山天然氧吧民宿,5.0,3室,整租,6,5280,//pics.muniao.com//UploadFiles/root/room/118053/thumb/affd29cf523143ecb4fb8645ee81c35b.jpg_414_262.jpg,chengdu
浪漫品味太古里 大自然的家 大床房,5.0,1室,整租,2,238,//pics.muniao.com//UploadFiles/root/room/113056/thumb/4245318ac744400cbe13da15f834cabc.jpg_414_262.jpg,chengdu
成都聚会趴日租聚会别墅,5.0,3室,整租,13,2760,//pics.muniao.com//UploadFiles/root/room/108697/thumb/298e54ec9d2c4718a1919a470cef81e2.jpg_414_262.jpg,chengdu
武侯祠锦里宽窄巷子舒适6居，有机麻哟,4.9,6室,整租,14,798,//pics.muniao.com//UploadFiles/thumb/image/20180913/5756ee23796245828349bc3fb7688de420180913003005846.jpg_414_262.jpg,chengdu
春熙路太古里 兰桂坊之上 舒适豪华一居,4.9,1室,整租,2,1059,//pics.muniao.com//UploadFiles/root/room/108578/thumb/d8d12c0d59644e7ab19ba86d0c5d031f.jpg_414_262.jpg,chengdu
武侯祠锦里地铁省骨科医院站旁大石南路2楼套一,5.0,1室,整租,2,248,//pics.muniao.com//UploadFiles/root/thumb/191224/dcbe479242344fb6ba12428ba0e34744.jpg_414_262.jpg,chengdu
武侯祠锦里体院地铁省骨科医院站10F安静一居,4.9,1室,整租,2,249,//pics.muniao.com//UploadFiles/root/thumb/230818/54390237089943c788555a23f04737fe.jpg_414_262.jpg,chengdu
春熙路 太古里 IFS之上公寓幻彩温馨二居,5.0,2室,整租,4,1398,//pics.muniao.com//UploadFiles/root/room/105395/thumb/fa32a4e14cba4aeca7112f88d6c39abc.jpg_414_262.jpg,chengdu
火车南站旁 蓝光公馆1881@1-2@ 一楼花园大窗 独立单间大床房，车辆服务,5.0,3室,单间出租,2,800,//pics.muniao.com//UploadFiles/root/room/97369/thumb/aca237c340b04577811574ec513481bd.jpg_414_262.jpg,chengdu
成都东站 川师 地铁2号线套房 美式混搭两居室 （春节三天起订 请咨询下单）,5.0,2室,整租,4,258,//pics.muniao.com//UploadFiles/root/room/94744/thumb/7c5fdc2f912d4b3ea72c4d2dbdbf6c54.jpg_414_262.jpg,chengdu
紧邻双流机场美式风一居室,4.7,1室,整租,2,268,//pics.muniao.com//UploadFiles/root/room/82536/thumb/9a2607bce7b748c89b1cd1392e54a1d9.jpg_414_262.jpg,chengdu
成都宽窄巷子 卷舒堂 印象甜蜜公主套房,4.7,2室,整租,3,278,//pics.muniao.com//UploadFiles/root/room/77604/thumb/8b9173469016487f85f6bf810192aeda.jpg_414_262.jpg,chengdu
成都宽窄巷子地铁口影院两居室,4.5,2室,整租,4,318,//pics.muniao.com//UploadFiles/root/thumb/200911/937f67a6bd70465cbe753f28aa00c8ab.png_414_262.png,chengdu
成都最安逸——欧式古典豪华独栋大别墅,5.0,4室,整租,13,1380,//pics.muniao.com//UploadFiles/root/room/75028/thumb/e165bf5b15534d0589f687bc53a5242c.jpg_414_262.jpg,chengdu
华西医院西藏成办363武侯祠锦里地铁房,4.9,1室,整租,3,188,//pics.muniao.com//UploadFiles/root/room/69910/thumb/ebe48f55e04b417b81761c86182f92cf.jpg_414_262.jpg,chengdu
11近成都火车东站/东郊记忆/万象城/双地铁/直达春熙路宽窄巷子舒适休闲房,5.0,1室,整租,2,208,//pics.muniao.com//UploadFiles/root/room/44755/thumb/405cd5090afd4f4e8e25d89240f38a55.jpg_414_262.jpg,chengdu
地铁7号线龙爪堰站 省妇女儿童医院 附近超安静舒适 大三室,5.0,3室,整租,6,358,//pics.muniao.com//UploadFiles/root/room/42978/thumb/9a3bfcb3107046e389a096ee9bee55a0.jpg_414_262.jpg,chengdu
萧邦 家庭温馨 舒适套一 四,5.0,1室,整租,2,208,//pics.muniao.com//UploadFiles/root/room/33634/thumb/5b64171fe33a4965b27f57c1e29bc51a.jpg_414_262.jpg,chengdu
春熙路太古里IFS：天使之吻,4.9,1室,整租,2,268,//pics.muniao.com//UploadFiles/root/room/30575/thumb/4219fae190fc4b0988281ee14b3fbd6c.jpg_414_262.jpg,chengdu
地铁口直达宽窄巷子春熙路太古里万象城建设路 SM广场 电子科大闲情小站温馨一居室,5.0,1室,整租,2,218,//pics.muniao.com//UploadFiles/root/room/25347/thumb/9a207077f17b4da89ebedadfb4d79661.jpg_414_262.jpg,chengdu
成都春熙路宽窄巷子温馨舒适双卧房,4.9,2室,整租,4,358,//pics.muniao.com//UploadFiles/root/room/277599/thumb/4f6060f1f2b54c97922520ca5249a69b.jpg_414_262.jpg,chengdu
国庆二天起订/春熙路天府广场双地铁/按摩蓝牙音箱多功能护栏床大一居/低价长租,5.0,1室,整租,4,258,//pics.muniao.com//UploadFiles/root/room/276609/thumb/ffd971b3b6db45c3a5d5c4f35204744a.jpg_414_262.jpg,chengdu
毗邻电子科大 小惬意大床房,5.0,1室,整租,2,138,//pics.muniao.com//UploadFiles/root/room/268932/thumb/0f21508e883f4ae7bd6bd4b023af2291.jpeg_414_262.jpeg,chengdu
成都西华大学附近高端一居室小清新甜蜜大床房,4.9,1室,整租,2,118,//pics.muniao.com//UploadFiles/root/room/268920/thumb/d01815a219794342a01636b0b5f8584a.jpeg_414_262.jpeg,chengdu
「朦胧」临近火车东站 /春熙路_太古里_地铁直达/地铁口/双人床/沙发床/100,4.8,1室,整租,4,219,//pics.muniao.com//UploadFiles/root/room/261635/thumb/b3af874675b449a58e2f0bcb7b3ec91c.jpg_414_262.jpg,chengdu
木犀·乐颂｜loft 三床房/宽窄巷子/文殊院/春熙路,5.0,1室,整租,4,220,//pics.muniao.com//UploadFiles/root/thumb/230522/c1a52001d20c4b268e3631d607409b62.jpg_414_262.jpg,chengdu
四川大学华西医院锦里地铁三床家庭套房,5.0,1室,整租,4,198,//pics.muniao.com//UploadFiles/thumb/image/20181023/bacd382d389e452dacd05dd9b24288ff20181023102640573.jpg_414_262.jpg,chengdu
成都东站“爱之屋”-情调北欧，近双地铁,5.0,4室,单间出租,2,270,//pics.muniao.com//UploadFiles/thumb/image/20181015/4709023ad501434a8b407a1a3ce527db20181015112705446.jpg_414_262.jpg,chengdu
成都东站旁地铁7号线温馨文艺影院夜景两室套房,5.0,2室,整租,4,398,//pics.muniao.com//UploadFiles/thumb/image/20180928/3a62c252d44b4a9ab993724c3d1c3d9c20180928074606475.jpg_414_262.jpg,chengdu
高空观景•近春熙路•太古里•熊猫基地•浪漫大床房,2.0,1室,整租,2,268,//pics.muniao.com//UploadFiles/root/room/242878/thumb/d94177dd8661483d901f92d0a869ee4b.jpg_414_262.jpg,chengdu
【The House雅居】墨•宽窄巷子夜猫子夜市双床精致简约,4.2,2室,整租,4,228,//pics.muniao.com//UploadFiles/thumb/image/20180912/c408baae54624e68abcd7996c0b8def120180912101838703.jpg_414_262.jpg,chengdu
浅藏『玖畹花』270度玻璃套房,5.0,2室,整租,2,866,//pics.muniao.com//UploadFiles/root/room/491150/thumb/1275935dbbd941fc81e8a324ca7746a2.jpeg_414_262.jpeg,shanghai
（网红民宿）迪士尼两站梦幻火烈鸟套房,4.6,2室,整租,4,328,//pics.muniao.com//UploadFiles/root/room/461822/thumb/fe7bbcda604345f88fe87fb6e37da789.jpg_414_262.jpg,shanghai
Nous麓眠〔北海〕哥特风烛光露台浴缸大床房含迪士尼接或送和双早网红民宿情侣闺蜜打卡种草商业拍摄必选,4.6,1室,整租,2,445,//pics.muniao.com//UploadFiles/root/room/562467/thumb/fd63c41f18f14dea9547aef46796af71.jpg_414_262.jpg,shanghai
浅藏『壹芯』180度景观双床,5.0,1室,整租,2,646,//pics.muniao.com//UploadFiles/root/room/491151/thumb/38b127f8aedd44e2886487e7478d0b65.jpeg_414_262.jpeg,shanghai
海迪王国森林木屋双床房-滑滑梯,4.7,1室,整租,3,488,//pics.muniao.com//UploadFiles/root/room/444295/thumb/bf0d6ce374e24e12bc6804be8f941c7a.jpg_414_262.jpg,shanghai
【五斗匠·暖日】已消毒|静安寺|南京西路|长宁妇幼保健医院|2号线|外滩|新天地|陆家嘴|迪士尼,5.0,1室,整租,2,688,//pics.muniao.com//UploadFiles/root/room/638011/thumb/37b61912ea414cf2848ef9c973402df6.jpg_414_262.jpg,shanghai
迪士尼若初·星云•双床•含4早免费接送机迪士尼•泳池滑梯,5.0,2室,单间出租,4,938,//pics.muniao.com//UploadFiles/root/room/514128/thumb/88c27a11abac47649dc384cfd1578136.jpg_414_262.jpg,shanghai
迪士尼若初·芷晴•全景星空房•免费接送机迪士尼•泳池滑梯,5.0,14室,单间出租,2,758,//pics.muniao.com//UploadFiles/root/room/513975/thumb/3c26c69f32c24e06bb55602d73775f53.jpg_414_262.jpg,shanghai
迪士尼若初·闻竹•双床星空房•免费早餐接送迪士尼•泳池滑梯,5.0,2室,单间出租,4,958,//pics.muniao.com//UploadFiles/root/room/514104/thumb/2264a272ac1245209b30a8fc71c5d9e0.jpg_414_262.jpg,shanghai
浅藏·大草坪·独栋·聚会·团建·小会议·轰趴烧烤·KTV棋牌室-花园别墅,5.0,10室,整租,20,6431,//pics.muniao.com//UploadFiles/root/room/491149/thumb/42fb5633e48f46d88ecd077ea4221eda.jpeg_414_262.jpeg,shanghai
迪士尼若初·青筠•免费早餐接送迪士尼•泳池滑梯,5.0,14室,单间出租,2,558,//pics.muniao.com//UploadFiles/root/thumb/201231/433ea63d1bd24735b3b73a99cdbf4adf.jpg_414_262.jpg,shanghai
迪士尼若初·宛烟•落地窗•免费早餐接送迪士尼•泳池滑梯,5.0,14室,单间出租,2,688,//pics.muniao.com//UploadFiles/root/room/514270/thumb/e848810531f5415ba9f499d4f30924cf.jpg_414_262.jpg,shanghai
【迪尚】唐老鸭米奇梦幻主题. 1.8m/1.35m三床房 独卫住5人48㎡浦东机场/迪士尼乐园/川沙,5.0,1室,整租,4,218,//pics.muniao.com//UploadFiles/root/room/444663/thumb/2ad00ecfb714455aa40b0f4607252012.jpg_414_262.jpg,shanghai
(米奇王国)迪士尼乐园度假区附近卡通亲子主题别墅套房，含早餐乐园接送（总店）,5.0,1室,整租,4,900,//pics.muniao.com//UploadFiles/root/room/378201/thumb/b43baa9041304e10a3a34380ddac0b34.jpg_414_262.jpg,shanghai
（维尼小熊乐园）别墅亲子房，接送乐园含早（总店）,4.8,1室,整租,4,950,//pics.muniao.com//UploadFiles/thumb/image/20190304/ef91f8ed25934ccba1590b92e8af097120190304154639490.jpg_414_262.jpg,shanghai
（艾莎公主城堡）别墅主题房，大床双层床（总店）,4.8,1室,整租,4,950,//pics.muniao.com//UploadFiles/thumb/image/20190304/97051a4786144ec18d4a9270a0db4a7f20190304154238837.jpg_414_262.jpg,shanghai
香墅-大草坪四合院式轰趴别墅/ktv台球德州麻将乒乓球/会议室/生日派对公司年会,5.0,8室,整租,20,22800,//pics.muniao.com//UploadFiles/root/room/1089014/thumb/89181271cd3345cba69702548f006b06.jpg_414_262.jpg,shanghai
同济大学樱花烂漫，8号线10号线地铁口两居,4.8,2室,整租,4,398,//pics.muniao.com//UploadFiles/root/room/172252/thumb/ba505205376346de9b0fe2807c89a74d.jpg_414_262.jpg,shanghai
【迪士尼乐园接送】毅墅米奇米妮亲子家庭房,5.0,1室,整租,4,338,//pics.muniao.com//UploadFiles/root/room/254314/thumb/413342551dcd480ab89b688ab905796d.jpg_414_262.jpg,shanghai
【永欣高端 】新国际博览中心第一妇婴医院迪士尼乐园地铁7、11、13陆家嘴城隍,5.0,1室,整租,2,238,//pics.muniao.com//UploadFiles/thumb/image/20181008/ebb8f430c4fe40f5b3a2373c00c7f73220181008212620100.jpg_414_262.jpg,shanghai
【魔都之旅】外滩5分钟步行地铁10分钟邻南京路豫园城隍庙东方明珠地铁直达迪士尼,4.9,1室,整租,3,458,//pics.muniao.com//UploadFiles/root/room/172332/thumb/5e2b9b3301864216a7b285abbe47e55c.jpg_414_262.jpg,shanghai
迪斯尼附近 陈桥村 民宿奕舍 四房五卫 可做饭,4.9,4室,整租,8,1485,//pics.muniao.com//UploadFiles/root/room/86610/thumb/67f3df9725774dc19c3870e62a5614f2.jpg_414_262.jpg,shanghai
清新一居室︱崇明生态民宿︱旅游烧烤垂钓,5.0,1室,整租,3,258,//pics.muniao.com//UploadFiles/thumb/image/20180506/2c7fd2fdfe544850846a68f0457a7bf320180506142841748.jpg_414_262.jpg,shanghai
上海迪士尼车程10分钟/现代黑白百寸投影套房,5.0,2室,整租,4,666,//pics.muniao.com//UploadFiles/thumb/image/20180717/750af1d3e56249ba917a811f57baf90d20180717004544788.jpg_414_262.jpg,shanghai
巴黎春天/亚新生活广场玉佛寺/一室,5.0,1室,整租,2,338,//pics.muniao.com//UploadFiles/root/room/176733/thumb/e97305bf18054c66833d2617bc87dd96.jpg_414_262.jpg,shanghai
肿瘤医院隔壁超大一室一厅 干净整洁 可做饭洗衣上网可住五人位于479号线东安路站,4.7,1室,整租,5,438,//pics.muniao.com//UploadFiles/root/room/76952/thumb/3ae1c89bf695421b9f48f825c291e7f1.jpg_414_262.jpg,shanghai
地铁口100米/免费停车/车位充足/超大复式两房一厅/可做饭/带宠物/高性价比,4.9,2室,整租,4,328,//pics.muniao.com//UploadFiles/root/room/73144/thumb/4e07454d07ef4280a84914cb3195dc6f.jpg_414_262.jpg,shanghai
【迪士尼乐园接送】毅墅蓝色地中海大床房,5.0,1室,整租,2,238,//pics.muniao.com//UploadFiles/thumb/image/20181014/4ea928dc8dcf4b14b71fab8e9b37e9e420181014095837099.jpg_414_262.jpg,shanghai
〔馨*家〕肇嘉浜路/斜土路/东安路地铁口斜对面～精装电梯两房,4.8,2室,整租,4,570,//pics.muniao.com//UploadFiles/root/room/80088/thumb/2663a818721d425d816a0768a3449a30.jpg_414_262.jpg,shanghai
【迪士尼乐园接送】毅墅哆啦a梦亲子房,4.9,1室,整租,4,338,//pics.muniao.com//UploadFiles/thumb/image/20181014/c8656945cf1442a2b37b1da7ebd2457a20181014093736996.jpg_414_262.jpg,shanghai
DSN一间一舍轻奢北欧标准房赠接送含早,5.0,1室,整租,2,497,//pics.muniao.com//UploadFiles/thumb/image/20181030/b1dedd9d4a54483ea81ab6405019351520181030092306910.jpg_414_262.jpg,shanghai
欧式大床房【庭院 大窗】近乐园,5.0,1室,整租,2,238,//pics.muniao.com//UploadFiles/root/room/174962/thumb/e0b49b374b5543ec8d04c51f3d80fa2c.jpg_414_262.jpg,shanghai
江宁路地铁站 近火车站、南京西路 静安日光暖房,5.0,1室,整租,2,505,//pics.muniao.com//UploadFiles/root/room/146655/thumb/63fcc4a0ecc4476fae0342e6d6da47a0.jpg_414_262.jpg,shanghai
地铁7号线 13号线  上海站 南京西路 北欧风公寓,5.0,1室,整租,2,535,//pics.muniao.com//UploadFiles/root/room/159572/thumb/235c27bf067e4b61a933c0ec7b2d3d70.jpg_414_262.jpg,shanghai
1号线黄陂南路1号口旁整洁三张床（送彩票）,4.6,1室,整租,4,638,//pics.muniao.com//UploadFiles/root/room/267060/thumb/4af985923a61498b91836a2882a3dc03.jpg_414_262.jpg,shanghai
地铁9号线泗泾站美式阁楼木屋1房1厅1卫佘山欢乐谷,5.0,1室,整租,4,278,//pics.muniao.com//UploadFiles/root/room/150502/thumb/267967b78cc8416b901c1edf480d0ed8.jpg_414_262.jpg,shanghai
天华学院，百度公司附近精装loft,5.0,2室,整租,3,268,//pics.muniao.com//UploadFiles/thumb/image/20171202/004f0c5a212b4c44a138372acc99cfca20171202131956704.jpg_414_262.jpg,shanghai
地铁房黄金商圈 背景音乐 私人家庭影院大床房,5.0,1室,整租,2,359,//pics.muniao.com//UploadFiles/root/room/100152/thumb/b1d64b5af93746219d68c446652a6b16.jpg_414_262.jpg,shanghai
老洋房一隅（柠檬レモン趣屋) 一居室,4.5,1室,整租,2,368,//pics.muniao.com//UploadFiles/root/room/165437/thumb/e8522bb47f4b49119ce640901effd276.jpg_414_262.jpg,shanghai
迪斯尼|新国际博览中心@11号线秀沿路地铁站.仰望星空阁楼房,5.0,2室,单间出租,2,148,//pics.muniao.com//UploadFiles/thumb/image/20180921/08edef33deaa462ca955a60b6754550820180921223828032.jpg_414_262.jpg,shanghai
徐汇区东安路4.7号沿线地铁一房双床,4.9,2室,整租,4,420,//pics.muniao.com//UploadFiles/root/room/60523/thumb/2f6ca8761cec42ac9bcea9f734880488.jpg_414_262.jpg,shanghai
浦东周浦万达地铁口温馨大床房,5.0,1室,整租,2,197,//pics.muniao.com//UploadFiles/root/room/77748/thumb/9bb64594bf264075a1fe019108b0aedc.jpg_414_262.jpg,shanghai
朱家角度假区附近 温馨榻榻米大床房 ,5.0,1室,整租,2,298,//pics.muniao.com//UploadFiles/root/room/87404/thumb/af98b899040444d4956d16acfa4282c9.jpg_414_262.jpg,shanghai
地铁9号线，台儿庄一居室,5.0,1室,整租,3,568,//pics.muniao.com//UploadFiles/thumb/image/20181007/1b4a879938e64654a9507b61a837a9ae20181007142505596.jpg_414_262.jpg,shanghai
地铁9号线 徐家汇 附近一居室整租,4.6,1室,整租,2,89,//pics.muniao.com//UploadFiles/root/room/32007/thumb/9971307947394a7faa7fd4f068452331.jpg_414_262.jpg,shanghai
╮(╯▽╰)╭上海迪士尼乐园  上海野生动物园 特色温馨名宿 哈喽凯蒂！！！,4.8,1室,整租,2,138,//pics.muniao.com//UploadFiles/root/thumb/190828/5a86169cd613449d87d58fe8b8a40ac0.jpg_414_262.jpg,shanghai
近迪士尼豪装温馨大三房,5.0,3室,整租,6,598,//pics.muniao.com//UploadFiles/root/room/165670/thumb/86456f37fa2a4714a50282040fdb3927.jpg_414_262.jpg,shanghai
6134私人投影影院*淮海路商圈*地铁5分钟*行李,4.8,1室,整租,2,416,//pics.muniao.com//UploadFiles/root/room/96351/thumb/9928c12ff10c472f817f5307bc7b5a90.jpg_414_262.jpg,shanghai
北外滩·智慧树｜特大床~新华医院对面，双地铁8/18号江浦路站50米,5.0,1室,整租,2,398,//pics.muniao.com//UploadFiles/root/room/251981/thumb/34f47d2281c141d7a53cb36e40a53f57.jpg_414_262.jpg,shanghai
艾聚会别墅轰趴海湾棕榈滩高尔夫水晶宫馆,5.0,6室,整租,20,2580,//pics.muniao.com//UploadFiles/thumb/image/20181005/821c71d322ae4097a70feeaa05cb7c4120181005151122599.jpg_414_262.jpg,shanghai
地铁13号线/7号线 近南京西路 静安寺 火车站英伦一居,5.0,1室,整租,2,368,//pics.muniao.com//UploadFiles/root/room/165266/thumb/0ea6670928084da98b878792bd3cec4b.jpg_414_262.jpg,shanghai
地铁9号线泗泾站地中海风情房,5.0,3室,单间出租,2,168,//pics.muniao.com//UploadFiles/thumb/image/20171230/b36b0d44414841218ca88dff87343dc220171230062121547.jpg_414_262.jpg,shanghai
嘉善路地铁口近日月光田子坊及中山医院大床房,4.6,1室,整租,2,399,//pics.muniao.com//UploadFiles/thumb/image/20180309/7e0a52cb47074e18adf587da31da2fc120180309004318563.jpg_414_262.jpg,shanghai
效东村红梅 缘来别墅 七室三厅,4.9,7室,整租,17,2080,//pics.muniao.com//UploadFiles/root/room/91552/thumb/0487517656ea400b94b405a9a06cf779.jpg_414_262.jpg,shanghai
迪士尼 转机客地铁站 川沙中心 大床房,4.4,1室,整租,2,138,//pics.muniao.com//UploadFiles/root/room/114522/thumb/ddc7c61cd2144642a82a9471bdff2c24.jpg_414_262.jpg,shanghai
地铁口 独卫 高速WiFi 迷你公寓一居室,4.6,1室,整租,2,59,//pics.muniao.com//UploadFiles/root/room/31924/thumb/b60912db68bf4e5ab61c1bf36a49e6cd.jpg_414_262.jpg,shanghai
虹桥机场火车站直达-交大徐汇古北一地铁地铁三分钟（可长租）,5.0,2室,单间出租,1,228,//pics.muniao.com//UploadFiles/thumb/image/20190424/ece79a6c4f284a7fa978f6c1be1cf10120190424095433156.jpg_414_262.jpg,shanghai
上海浦东周浦万达广场豪华居家一室 有家的感觉 近地铁周浦站,4.9,1室,整租,2,268,//pics.muniao.com//UploadFiles/root/room/31608/thumb/bcbf3308fd5e47fab13caa42ef258f9b.jpg_414_262.jpg,shanghai
【复古工业风】 陆家嘴/东方明珠直达外滩 一居室,4.0,1室,整租,2,298,//pics.muniao.com//UploadFiles/root/room/269690/thumb/8f1c1556615f4f41b23c22e37b87a276.jpg_414_262.jpg,shanghai
毗邻虹桥火车站13号线金运路步行7分钟,5.0,4室,单间出租,2,79,//pics.muniao.com//UploadFiles/root/room/93505/thumb/b3a21e2136784e009f636975e0931916.jpg_414_262.jpg,shanghai
八号线上盖豪华大床房,5.0,1室,整租,2,358,//pics.muniao.com//UploadFiles/root/room/81354/thumb/71a73d43f65040f2817827fd32bcc7e3.jpg_414_262.jpg,shanghai
浦东新区 世纪公园 一居室 日租短租,5.0,1室,整租,2,368,//pics.muniao.com//UploadFiles/root/room/72727/thumb/db02b4042c134c2bafd0de062a2ca8e3.jpg_414_262.jpg,shanghai
温馨一室户近欢乐谷/玛雅/9号线泗泾站,4.2,1室,整租,2,268,//pics.muniao.com//UploadFiles/root/room/275683/thumb/817f7b799b274357aca9e20e7f17d0e0.jpg_414_262.jpg,shanghai
*忆轩*胸科医院光华医院-家庭房,5.0,2室,单间出租,3,210,//pics.muniao.com//UploadFiles/root/room/176543/thumb/ad06e48348f547daa52e83e17c3c3bc4.jpg_414_262.jpg,shanghai
南京西路地铁口大露台两居/吴江美食街/美国领事馆签证处/近长征医院/直达会展中心,4.9,2室,整租,4,560,//pics.muniao.com//UploadFiles/root/room/164319/thumb/28f7389b77ce4f6693cf80b50f9ff953.jpg_414_262.jpg,shanghai
繁华淮海路环贸旁老洋房/地铁三分钟/一室套,4.8,1室,整租,2,461,//pics.muniao.com//UploadFiles/root/room/96354/thumb/c7503fb44a8f4c3d8c5b723474df8315.jpg_414_262.jpg,shanghai
6132繁华淮海路/私人投影影院/地铁3分钟/行李,4.9,1室,整租,2,361,//pics.muniao.com//UploadFiles/root/room/96348/thumb/c71a444a5b264bab882d328bcaa98ab2.jpg_414_262.jpg,shanghai
松江大学城 欢乐谷 虹桥火车站大床房,4.6,1室,整租,2,89,//pics.muniao.com//UploadFiles/root/room/16860/thumb/83c834c8429f4c9dafe83179e4813bc5.jpg_414_262.jpg,shanghai
市中心新天地商圈四人家庭影院套房,4.8,2室,整租,4,623,//pics.muniao.com//UploadFiles/thumb/image/20180903/b074caf1d4c74f649bc080fd53bfcfd320180903144711787.jpg_414_262.jpg,shanghai
好友家迪士尼 转机客川沙中心 单床房,4.3,1室,整租,1,109,//pics.muniao.com//UploadFiles/root/room/113726/thumb/4e6e21a42e9e4e81a5dcd28fd3359641.jpg_414_262.jpg,shanghai
新天地黄浦区市中心人民广场外滩豫园涉外公寓,5.0,3室,单间出租,1,249,//pics.muniao.com//UploadFiles/root/room/72261/thumb/c8341b7e0f9f4bda974ff932a24af591.jpg_414_262.jpg,shanghai
妙妙屋新场古镇清新风迪士尼卡单间,5.0,3室,单间出租,2,380,//pics.muniao.com//UploadFiles/thumb/image/20181029/2b236867ed9c4d9db2d99e631ad6e43b20181029122859587.jpg_414_262.jpg,shanghai
温馨双床房（81号）距离新华医院50米,5.0,1室,整租,4,368,//pics.muniao.com//UploadFiles/thumb/image/20180910/fbeffef8534245279afe7424dac370dc20180910171741237.jpg_414_262.jpg,shanghai
地铁有13号线丰庄路11号线温馨单间房,3.7,6室,单间出租,1,65,//pics.muniao.com//UploadFiles/thumb/image/20180907/e40a27451851455b91434c7be7434bf020180907101409089.jpg_414_262.jpg,shanghai
4分钟地铁站 /复旦儿科/上戏,5.0,1室,整租,2,349,//pics.muniao.com//UploadFiles/thumb/image/20180906/0f56a40470c34770af34a407d27bf1d620180906142919047.jpg_414_262.jpg,shanghai
在浦东机场和迪士尼中间主要位置的温馨一居室,4.7,1室,整租,3,398,//pics.muniao.com//UploadFiles/thumb/image/20180907/ecd3c62e5b9740329d2e7b8720db56df20180907202930846.jpg_414_262.jpg,shanghai
月租2699元/月起，地铁3号线大柏树站旁，可短租押一付一,4.0,1室,整租,2,199,//pics.muniao.com//UploadFiles/root/room/107088/thumb/e8ec162407724aa6ab22751fdfb57a78.jpg_414_262.jpg,shanghai
地铁9号线 独立卫浴附阳台 高速上网一居室,4.6,1室,整租,2,89,//pics.muniao.com//UploadFiles/root/room/32008/thumb/d72a641ca4f34d3aab3ceb37d3973b1c.jpg_414_262.jpg,shanghai
浦东新区2号线唐镇 精装公寓 一室 近迪士尼乐园,5.0,1室,整租,2,558,//pics.muniao.com//UploadFiles/root/room/182217/thumb/81ad9d8be3bb4f02af62a9338ac30732.jpg_414_262.jpg,shanghai
五官科附近可烧饭地铁近大床房,5.0,3室,单间出租,2,168,//pics.muniao.com//UploadFiles/root/room/178035/thumb/dd4a963645bb4efab08ce8bca8f279a7.jpg_414_262.jpg,shanghai
会亲朋找工作住我家吧单人房,4.8,4室,单间出租,1,65,//pics.muniao.com//UploadFiles/root/room/28550/thumb/fc77887ba6954065a9e7c78f192c6fc0.jpg_414_262.jpg,shanghai
&宿里& 近碧海金沙 渔人码头温馨海景房,4.7,2室,整租,5,398,//pics.muniao.com//UploadFiles/root/room/41004/thumb/648ecdcffc2b422f86e93cae03d6edb1.jpg_414_262.jpg,shanghai
159iapm泰戈尔旧居旁老房子套房近地铁,5.0,1室,整租,2,542,//pics.muniao.com//UploadFiles/root/room/146530/thumb/70b4fa42a9284bc5b325b642ff004b18.jpg_414_262.jpg,shanghai
上海11号南翔站到市内各处迪斯尼,3.8,3室,单间出租,2,89,//pics.muniao.com//UploadFiles/root/room/135222/thumb/ce509b09537144b28ce5ed9a5d88e9dd.jpg_414_262.jpg,shanghai
朱家角度假区附近 河景大床房  ,5.0,1室,整租,2,399,//pics.muniao.com//UploadFiles/root/room/87405/thumb/2dfc775b7d8b4d43810ee70a622ad47b.jpg_414_262.jpg,shanghai
崇明老城八一路步行街旁朋友聚会两居室,5.0,2室,整租,5,788,//pics.muniao.com//UploadFiles/root/room/158071/thumb/9320778097844973b292981bb977e212.jpg_414_262.jpg,shanghai
电梯房120平创智天地上海肺科医院复旦财大,5.0,3室,整租,6,838,//pics.muniao.com//UploadFiles/root/room/149605/thumb/c99e54842024475f9d742ab7021e7cbe.jpg_414_262.jpg,shanghai
上海奉贤施家湾 悦达南郊华都 豪华欧式精装单人间,5.0,1室,整租,2,198,//pics.muniao.com//UploadFiles/root/room/138617/thumb/1c88be4002af4bbe926c4565593dd396.jpg_414_262.jpg,shanghai
可视频连线看房，迪士尼11号线御桥站新国展复式loft北欧二室豪华影音投影大套房,4.6,2室,整租,4,520,//pics.muniao.com//UploadFiles/root/thumb/240512/5fb07af68311451087a61f60c3173a43.jpg_414_262.jpg,shanghai
*兰居*地铁虹桥路宋园路站-温馨单间出租,5.0,2室,单间出租,2,128,//pics.muniao.com//UploadFiles/root/room/123921/thumb/9c170cb81a5d4191a2c27762238c46f9.jpg_414_262.jpg,shanghai
伊朗大使馆对门/复古老公寓/交通生活便利,4.8,1室,整租,2,542,//pics.muniao.com//UploadFiles/root/room/96356/thumb/a7223c5d7c7f4b2c9b885940c05d7b64.jpg_414_262.jpg,shanghai
免费接送迪士尼/含早/日式榻榻米,5.0,1室,整租,3,299,//pics.muniao.com//UploadFiles/root/thumb/200613/b4094f8384594a4db216e5961a77e7f8.jpg_414_262.jpg,shanghai
地铁口大空间 全景落地窗 独卫 可上网一居室,4.6,1室,整租,2,89,//pics.muniao.com//UploadFiles/root/room/31926/thumb/641dc903db574aaea199f51024da0762.jpg_414_262.jpg,shanghai
11号线13号线附近温馨大床房,5.0,5室,单间出租,2,119,//pics.muniao.com//UploadFiles/thumb/image/20180907/6520320086eb4c31bc20033f0c2a88ea20180907102447364.jpg_414_262.jpg,shanghai
2-3世纪公园地铁口带阳台卧室只接受女性单间,5.0,4室,单间出租,1,88,//pics.muniao.com//UploadFiles/root/room/189384/thumb/b89dff163f1a476d8cfae185189d553a.jpeg_414_262.jpeg,shanghai
13号线金运路 万达广场附近 单间大床房,4.6,2室,单间出租,2,89,//pics.muniao.com//UploadFiles/thumb/image/20170428/d84b6df90c34482791f6bda8ca18084920170428112015416.jpg_414_262.jpg,shanghai
毗邻虹桥火车站机场地铁13号线金运路直达南京西路x,5.0,4室,单间出租,2,109,//pics.muniao.com//UploadFiles/thumb/image/20170227/85c61d12cf524e31bcdd32748dd8c8ba20170227225650416.jpg_414_262.jpg,shanghai
13号线金运路万达广场阳光大床房,5.0,4室,单间出租,2,99,//pics.muniao.com//UploadFiles/root/room/76679/thumb/64f2877bd7b74e63b0c1d347742b2e72.jpg_414_262.jpg,shanghai
13号线 轻纺市场附近 单间出租,4.8,3室,单间出租,2,109,//pics.muniao.com//UploadFiles/thumb/image/20170503/8309bf041c1e445ca888df4d0667858020170503223755559.jpg_414_262.jpg,shanghai
3/4/7线镇坪路站 浪漫花园loft 采光通风好,4.8,1室,整租,2,218,//pics.muniao.com//UploadFiles/root/room/88924/thumb/623f518caed54ce688f164f32279e21b.jpg_414_262.jpg,shanghai
中山公园文艺愚园路钱学森故居带超酷投影仪一居,5.0,1室,整租,2,255,//pics.muniao.com//UploadFiles/root/room/269217/thumb/3b665d469cd54e73a22bc73767979764.jpg_414_262.jpg,shanghai
11号线嘉定新城温馨小屋地铁直达徐家汇/迪斯尼/独享幽静空间,5.0,1室,整租,2,300,//pics.muniao.com//UploadFiles/thumb/image/20181008/0b7ff96210964f67b60f06169788c25f20181008143238587.jpg_414_262.jpg,shanghai
松江大学城附近单间可住2人,5.0,2室,单间出租,2,168,//pics.muniao.com//UploadFiles/root/room/161849/thumb/c73da7832d234af0a5b9cf2a01717d9d.jpg_414_262.jpg,shanghai
只接受妹子，2号线世纪公园地铁口朝北，单间,4.6,3室,单间出租,1,98,//pics.muniao.com//UploadFiles/thumb/image/20180502/8ec37d850fe74de18627473ccae1235120180502135832106.jpg_414_262.jpg,shanghai
近3/4/7号线镇坪路 温馨舒适精装大床房 带电视,4.5,1室,整租,2,148,//pics.muniao.com//UploadFiles/root/room/88931/thumb/ed6569b1d1e5456c9ef98c64cdb8a00e.jpg_414_262.jpg,shanghai
靠近地铁13号线金运路次卧大床房,3.6,4室,单间出租,2,89,//pics.muniao.com//UploadFiles/thumb/image/20161201/0603d34a1ac3467e832cfa6cadc4bf8620161201190253855.jpg_414_262.jpg,shanghai
双地铁 近上海站 南京西路 静安寺归去来公寓,5.0,1室,整租,2,505,//pics.muniao.com//UploadFiles/root/room/143078/thumb/c36a01687b9f4732b21c050cfd150305.jpg_414_262.jpg,shanghai
1218经典石库门*私人影院*5分钟地铁*行李寄存,4.6,2室,整租,4,719,//pics.muniao.com//UploadFiles/root/room/96362/thumb/069b68d49dd7494c9695681c6924b264.jpg_414_262.jpg,shanghai
宽敞舒适loft 工作娱乐两不误 近3/4/7线镇坪路,4.8,1室,整租,2,198,//pics.muniao.com//UploadFiles/root/room/88925/thumb/aa4d5210fc7d4bfe8360317b99f1a919.jpg_414_262.jpg,shanghai
迪士尼HELLO KITTY主题亲子家庭房双床大床,5.0,1室,整租,4,458,//pics.muniao.com//UploadFiles/root/room/87906/thumb/7faf10ddf6c647de8f45e5dc7caa88c0.jpg_414_262.jpg,shanghai
设计师北欧简约时尚摇篮复式免费接送迪士尼含早/代买门票,5.0,1室,整租,4,438,//pics.muniao.com//UploadFiles/root/thumb/200613/6daa21e38e5a445aae0221729ca829cc.jpg_414_262.jpg,shanghai
免费接送迪士尼含早/代买门票/春意/时尚简约全景落地玻璃窗/临近野生动物园,5.0,1室,整租,3,488,//pics.muniao.com//UploadFiles/root/room/76543/thumb/1a3ffc0da85542408ab4bd0997debbc9.jpg_414_262.jpg,shanghai
迪士尼乐园接送/毅墅粉色Kitty猫大床房,5.0,1室,整租,2,198,//pics.muniao.com//UploadFiles/thumb/image/20181014/8315b018b0c348bf92e83abeed929f5a20181014095406406.jpg_414_262.jpg,shanghai
免费接送迪士尼含双早/float吊椅投影大床房/代买门票/地铁2直达外滩,5.0,1室,整租,2,338,//pics.muniao.com//UploadFiles/root/room/76546/thumb/3907d1969b9843529f1aa58d7ac045ad.jpg_414_262.jpg,shanghai
内环东外滩12号18号江浦公园地铁站200米2房2厅2卫,5.0,2室,整租,4,270,//pics.muniao.com//UploadFiles/thumb/image/20180426/2bef56cd5ac6423c90345b55c232973b20180426130544403.jpg_414_262.jpg,shanghai
*绿苑*华山华东医院江苏路地铁站---单间,4.8,10室,单间出租,2,118,//pics.muniao.com//UploadFiles/root/room/116889/thumb/fe24beaec38140b8bd4158359771705c.jpg_414_262.jpg,shanghai
陆家嘴黄金地段 北欧风格 一居室,4.7,1室,整租,2,288,//pics.muniao.com//UploadFiles/root/thumb/230221/fd9bc493f14c484d9e48dec511396bdc.jpg_414_262.jpg,shanghai
6133淮海路*私人影院*地铁3分钟*行李寄,4.9,1室,整租,2,361,//pics.muniao.com//UploadFiles/root/room/96349/thumb/962b8eeb330a4fab822459d7710812e7.jpg_414_262.jpg,shanghai
妙境A-迪斯尼双人房2号线川沙浦东机场4站RoomPudong airport 15 minutes,5.0,1室,整租,2,1388,//pics.muniao.com//UploadFiles/thumb/image/20180726/fcb9f29658ef4ddf9b7878457831f47420180726112601695.jpg_414_262.jpg,shanghai
华山医院华东医院江苏路地铁站-单间,5.0,2室,单间出租,2,138,//pics.muniao.com//UploadFiles/root/room/202027/thumb/637aecc253054c6999a02a479accdebf.jpg_414_262.jpg,shanghai
百年优秀小区懿园独立loft套房近地铁,5.0,1室,整租,2,488,//pics.muniao.com//UploadFiles/root/room/146556/thumb/6fafa8e1a8e341e597d900690f46984e.jpg_414_262.jpg,shanghai
地铁9号线泗泾站3号出口精致装修带空调舒适大床,4.7,4室,单间出租,2,89,//pics.muniao.com//UploadFiles/root/room/138951/thumb/138db5c8680d4ea5a08f651d5e5f570a.jpg_414_262.jpg,shanghai
朱家角度假区附近 街景大床房  ,5.0,1室,整租,2,348,//pics.muniao.com//UploadFiles/root/room/87406/thumb/bfbeed68b4424ce9af1b19384151b733.jpg_414_262.jpg,shanghai
松江大学城 欢乐谷 地铁9号线 泗泾公寓单间,4.7,3室,单间出租,2,89,//pics.muniao.com//UploadFiles/root/room/16867/thumb/120f5dffb32e4047b9f1fcfc8f90a1c1.jpg_414_262.jpg,shanghai
金山万达新公馆榻榻米简约时尚两居,5.0,2室,整租,3,308,//pics.muniao.com//UploadFiles/root/room/222314/thumb/aa68e16c9ee141ecb8fca76be4f54cb4.jpg_414_262.jpg,shanghai
陆家嘴黄金地段 北欧风格 精致装修一居,5.0,1室,整租,2,260,//pics.muniao.com//UploadFiles/thumb/image/20180601/8d39993fc6794005b03527fec588607020180601165003937.jpg_414_262.jpg,shanghai
近松江大学城 地铁站 泰晤士小镇  广富林遗址 别墅二居室,5.0,2室,整租,4,508,//pics.muniao.com//UploadFiles/thumb/image/20180510/d516a21cbb9c42d98e635b0721960f9120180510143332229.jpg_414_262.jpg,shanghai
免费接送迪士尼乐园/含早/DSN一间一舍时尚豪华大床房,5.0,1室,整租,2,527,//pics.muniao.com//UploadFiles/thumb/image/20181030/5e08b9252ca54913a9b2280ae91a3e7220181030070449661.jpg_414_262.jpg,shanghai
碧海金沙奉贤海湾大学区5室5厅6床绿地香颂别墅轰趴-海语小墅壹号,5.0,5室,整租,12,1580,//pics.muniao.com//UploadFiles/thumb/image/20180424/56c1eeeb8b064fc7998801c8ac16183120180424170940729.jpg_414_262.jpg,shanghai
地铁口100米/免费停车/车位充足/超大复式两房一厅/可做饭/带宠物/高性价比,5.0,2室,整租,4,338,//pics.muniao.com//UploadFiles/thumb/image/20180420/1c287fd4d6454cd9881408ce7e44e75b20180420004949108.jpg_414_262.jpg,shanghai
淮海路新式里弄明亮一居套房近地铁,5.0,1室,整租,2,416,//pics.muniao.com//UploadFiles/root/room/146524/thumb/ac958b361a824bacaaad2edc28ffd6e5.jpg_414_262.jpg,shanghai
海昌海洋 滴水湖 海事大学边【嬉皮】高品质投影双床套房，近滴水湖、航的舒适大床房,4.9,1室,整租,2,298,//pics.muniao.com//UploadFiles/root/thumb/210902/6dc3446339a24a0b9f513eda89062a15.JPG_414_262.JPG,shanghai
七宝老街虹桥机场儿童医院国际博览中心3房,5.0,3室,整租,6,5000,//pics.muniao.com//UploadFiles/thumb/image/20181107/c00e9ea0f8c84b169dc2d57c73d695a820181107103155176.jpg_414_262.jpg,shanghai
迪士尼乐园/质子重离子医院/国际医学中心-复式温馨套房,4.6,2室,整租,4,499,//pics.muniao.com//UploadFiles/thumb/image/20181101/0eb61906ab2646d4b8cd2b0ad90c4d9720181101143731885.jpg_414_262.jpg,shanghai
【无限阳光】双床4人+独立櫉房 新华医院2分钟地铁8号线50米20分钟直达人民广,5.0,1室,整租,2,515,//pics.muniao.com//UploadFiles/root/room/251948/thumb/33ca37b36adf4db5b2e06d6ae47fee1e.jpg_414_262.jpg,shanghai
艾聚会别墅轰趴海湾碧海金沙馆,5.0,4室,整租,20,1680,//pics.muniao.com//UploadFiles/thumb/image/20181005/49857d961c284783ab0638909b6c1c3c20181005174647257.jpg_414_262.jpg,shanghai
石岛路虹宝苑内美宿五房,5.0,5室,整租,10,1388,//pics.muniao.com//UploadFiles/thumb/image/20180929/70f9756416ab470cb42a5677ad2f832e20180929112255405.jpg_414_262.jpg,shanghai
【静庐】十里洋场之养心静谷一居,4.9,1室,整租,2,358,//pics.muniao.com//UploadFiles/thumb/image/20180828/5fbbce1e231b4b2ea23d427fd67ca0ec20180828153048817.jpg_414_262.jpg,shanghai
崇明紫海鹭缘民宿东平公园别墅轰趴2馆,5.0,12室,整租,24,2900,//pics.muniao.com//UploadFiles/thumb/image/20180823/993f864ff7e0471d9c1e8e73ca8a6f0020180823093015790.jpg_414_262.jpg,shanghai
【Rs-小魔头】与Prada荣宅为邻的南京西路花园公寓整套房源,4.9,1室,整租,2,289,//pics.muniao.com//UploadFiles/thumb/image/20181129/b0ec282e2c0c47e8a776835cb20f494a20181129014552389.jpg_414_262.jpg,shanghai
九里香民宿 4房3卫 尽享整个空间完全私密适合朋友聚会,5.0,4室,整租,8,1333,//pics.muniao.com//UploadFiles/thumb/image/20180604/3a68ba8d24d346d0a4216a9fbd842de520180604172621443.jpg_414_262.jpg,shanghai
上海迪士尼度假区一室元青标准房,5.0,1室,整租,2,538,//pics.muniao.com//UploadFiles/root/room/174154/thumb/9e3cc688cfe240dda44db7b4c5352d0d.jpg_414_262.jpg,shanghai
上海迪士尼度假区一室银朱家庭房,4.9,1室,整租,3,568,//pics.muniao.com//UploadFiles/root/room/174146/thumb/04fed4e71b0842ea97f4d84b0b6caa2b.jpg_414_262.jpg,shanghai
上海迪士尼度假区一室黛蓝家庭房,5.0,1室,整租,3,568,//pics.muniao.com//UploadFiles/root/room/174137/thumb/64fcf1a2be3d4e4fbffb488e11c54f40.jpg_414_262.jpg,shanghai
人民广场新天地外滩豫园单间独卫独书房,5.0,3室,单间出租,2,499,//pics.muniao.com//UploadFiles/root/room/72259/thumb/09ee48b7c30b45cba5df63acc69d268f.jpg_414_262.jpg,shanghai
北外滩·智慧树I双床投影房~双地铁8/18号线江浦路站50米20分/新华医院对,4.9,1室,整租,4,530,//pics.muniao.com//UploadFiles/root/room/215672/thumb/68c4a25216ae4a85badd35599d037755.jpeg_414_262.jpeg,shanghai
3/4/7号线镇坪路地铁站 舒适单人房 独立卫浴,4.8,1室,整租,1,148,//pics.muniao.com//UploadFiles/root/room/88933/thumb/54ead20f4da9440e94cd2ccf2291d0c1.jpg_414_262.jpg,shanghai
浦东万达公寓舒心投影仪大床房 离地铁18号线周浦站2号口100米,5.0,1室,整租,2,258,//pics.muniao.com//UploadFiles/root/room/77750/thumb/1b499ff0d354427f9c921a6e9471d3d9.jpg_414_262.jpg,shanghai
江桥老街附近.曹安公路温馨一室户,5.0,1室,整租,2,198,//pics.muniao.com//UploadFiles/thumb/image/20180615/664cfbe385154d008179d32d68219d6e20180615182353691.jpg_414_262.jpg,shanghai
上海迪士尼六室别墅,5.0,6室,整租,15,4588,//pics.muniao.com//UploadFiles/root/room/174160/thumb/65d08c02e552413fbf44337be9a5f42f.jpg_414_262.jpg,shanghai
毗邻虹桥机场 国家会展中心 七宝古镇高档大床房,4.8,1室,整租,2,96,//pics.muniao.com//UploadFiles/root/room/86578/thumb/2c61f6a7f43848b7bc2b9a7de97a3709.jpg_414_262.jpg,shanghai
妙妙屋新场古镇清新风迪士尼单间,5.0,7室,单间出租,2,380,//pics.muniao.com//UploadFiles/thumb/image/20181029/bf6a04b8052940b6a14ac1c53a7c9c7320181029142854888.jpg_414_262.jpg,shanghai
淮海中路洋房Loft楼下单间,5.0,2室,单间出租,1,118,//pics.muniao.com//UploadFiles/root/room/149522/thumb/56e27f1b024648998b74cba9383496d3.jpg_414_262.jpg,shanghai
轻奢欧式家庭房/乐园免费接送/三早,4.9,1室,整租,3,649,//pics.muniao.com//UploadFiles/thumb/image/20181030/c11297f585314fffa2de9fc436d0886f20181030090723414.jpg_414_262.jpg,shanghai
DSN一间一舍简约舒适家庭房接送含早,5.0,1室,整租,3,649,//pics.muniao.com//UploadFiles/thumb/image/20181030/1c3c243c3d284afb8db2080b49c2e28120181030090040144.jpg_414_262.jpg,shanghai
免费接送迪士尼乐园早/一间一舍简约时尚家庭房,4.8,1室,整租,3,573,//pics.muniao.com//UploadFiles/thumb/image/20181030/db61672ebb5b431fb4dde8e9055a73b120181030083137062.jpg_414_262.jpg,shanghai
DSN一间一舍地中海双人房免费接送及早餐,5.0,1室,整租,2,428,//pics.muniao.com//UploadFiles/thumb/image/20181205/6ba6763d74bd44a7afe5f43b7c052cc620181205210332085.jpg_414_262.jpg,shanghai
上海迪士尼免费接送含双早/一间一舍时尚简约双人房,5.0,1室,整租,2,428,//pics.muniao.com//UploadFiles/thumb/image/20181205/95ca296840f24a8ebe937c6e5833235f20181205213932429.jpg_414_262.jpg,shanghai
崇明岛陈家镇风情两房（一）,5.0,2室,整租,4,398,//pics.muniao.com//UploadFiles/thumb/image/20180830/58623dcc67944414875b8e53427c959320180830152047055.jpg_414_262.jpg,shanghai
9号地铁泗泾站附近，可做饭，近欢乐谷泰晤士小镇景点，虹桥枢纽半小时到达,4.8,1室,整租,2,238,//pics.muniao.com//UploadFiles/thumb/image/20180803/99f13a159cc947628f1fcbb4507c988420180803181751879.jpg_414_262.jpg,shanghai
上海两室一厅/11号线地铁/直达市中心,5.0,2室,整租,4,494,//pics.muniao.com//UploadFiles/thumb/image/20180723/610cd3458eb04f45846e8f00580e0bf720180723180753236.jpg_414_262.jpg,shanghai
上海迪士尼度假区一室枝黄大床房,5.0,1室,整租,2,568,//pics.muniao.com//UploadFiles/root/room/174151/thumb/096e68ba6bf241569ba195e44f8c6496.jpg_414_262.jpg,shanghai
亚新生活购物广场、长寿公园、玉佛寺一室,5.0,1室,整租,2,318,//pics.muniao.com//UploadFiles/thumb/image/20180403/f7e3dda5cc9e414b92d45c895ec37e5d20180403144835733.jpg_414_262.jpg,shanghai
己舍 上居精品民宿 星空圆床房,5.0,6室,单间出租,2,780,//pics.muniao.com//UploadFiles/root/room/115083/thumb/c43f66cadcd541629271a349efc1a260.jpg_414_262.jpg,shanghai
己舍 上居精品民宿  花园大床房,5.0,6室,单间出租,2,880,//pics.muniao.com//UploadFiles/root/room/115082/thumb/c07220457d194d4a87c0f4c117a5f50e.jpg_414_262.jpg,shanghai
地铁2号线 迪士尼 复式套房,5.0,6室,单间出租,2,980,//pics.muniao.com//UploadFiles/root/room/114802/thumb/4eb7faa612754bc08936ead564afdb03.jpg_414_262.jpg,shanghai
己舍 上居精品民宿   阳光大床房,5.0,6室,单间出租,2,780,//pics.muniao.com//UploadFiles/root/room/114779/thumb/a9d53bd7104f47ff8cf0fd70a188ff0d.jpg_414_262.jpg,shanghai
维尼小熊主题亲子家庭房双床大床房,5.0,1室,整租,4,458,//pics.muniao.com//UploadFiles/root/room/92772/thumb/03b14586a1e74182b79994020ac97c09.jpg_414_262.jpg,shanghai
MICKEY米奇主题亲子家庭房双床大床,5.0,1室,整租,4,458,//pics.muniao.com//UploadFiles/root/room/92770/thumb/afd738ec1d974f76a632d83f70cb6e60.jpg_414_262.jpg,shanghai
好来屋HOME旅舍 HelloKitty 大床房,5.0,1室,整租,2,398,//pics.muniao.com//UploadFiles/root/room/88085/thumb/50eb49319d1f427199580ebf6f122aee.jpg_414_262.jpg,shanghai
浦东万达广场一房一厅,5.0,1室,整租,2,334,//pics.muniao.com//UploadFiles/root/room/77754/thumb/77f431dd44a048f2a4e7d99386a96f40.jpg_414_262.jpg,shanghai
免费接送迪士尼含早/简、醇时尚简约大床房/地铁2直达外滩东方明珠陆家嘴,5.0,1室,整租,2,338,//pics.muniao.com//UploadFiles/root/room/76538/thumb/a1517dec031546cf9db1f694128ac61c.jpg_414_262.jpg,shanghai
静守时光/简约ins风/接送乐园含双早/代买门票/临近野生动物园,5.0,1室,整租,2,488,//pics.muniao.com//UploadFiles/root/room/76529/thumb/fc3e3db88939424e8c712aa981d5c2d8.jpg_414_262.jpg,shanghai
南京路/外滩/静安寺/城隍庙/人民广场,5.0,2室,整租,4,600,//pics.muniao.com//UploadFiles/root/room/259079/thumb/5e6f2d0790e24c0881087a74e5559146.jpg_414_262.jpg,shanghai
野生动物园独栋别墅单间出租,4.8,2室,单间出租,2,108,//pics.muniao.com//UploadFiles/root/room/168428/thumb/95e4db06e0b54e10b744242bc22153ca.jpg_414_262.jpg,shanghai
莘庄露台小巢 仲盛商场购物零距离 地铁300米,5.0,1室,整租,2,399,//pics.muniao.com//UploadFiles/root/room/135693/thumb/d018ef344a7144cca288ffacf755a6eb.jpg_414_262.jpg,shanghai
迪斯尼地铁五分钟车程双床房,5.0,1室,整租,2,408,//pics.muniao.com//UploadFiles/root/room/266187/thumb/57062e14045c411fb6a7c7eb0c91e3ec.jpg_414_262.jpg,shanghai
毗邻上海迪士尼/整租聚会团建轰趴/娱乐设施丰富/公共区域大,5.0,12室,整租,24,5098,//pics.muniao.com//UploadFiles/thumb/image/20181030/dc799324803f4949bd66da4b859554c320181030080521206.jpg_414_262.jpg,shanghai
网红店★热门豪装.摄影基地打卡点★泰晤士小镇/欢乐谷/松江大学城/舒适乳胶垫,5.0,4室,整租,7,1699,//pics.muniao.com//UploadFiles/root/room/237407/thumb/a4a47e4a4b924c778aed91c2b68b1e5a.jpeg_414_262.jpeg,shanghai
迪士尼野生动物园附近可做饭两室一厅,5.0,2室,整租,4,388,//pics.muniao.com//UploadFiles/thumb/image/20180803/c6c823556a374031abd18715e72bb74b20180803224658641.jpg_414_262.jpg,shanghai
9号线泗泾近佘山 欢乐谷 月湖 玛雅水上公园,5.0,1室,整租,2,268,//pics.muniao.com//UploadFiles/thumb/image/20180518/7922958fe3d0422d9c2651e96ac1c92d20180518194515694.jpg_414_262.jpg,shanghai
地铁2站直达迪士尼乐园/新国际博览中心_现代风家庭温馨三居,5.0,3室,整租,6,788,//pics.muniao.com//UploadFiles/thumb/image/20180717/df976352a2ed4515adf93d7d5cb4e72120180717005104985.jpg_414_262.jpg,shanghai
上海城投资产管理中心旁外高桥欧式别墅,5.0,3室,整租,10,12000,//pics.muniao.com//UploadFiles/root/room/170274/thumb/0c140c3ac2b84ceb83c3b9a354d32524.jpg_414_262.jpg,shanghai
"上海大学美式乡村2房loft,绘画音乐",5.0,2室,整租,3,388,//pics.muniao.com//UploadFiles/root/room/169548/thumb/af7e6f7a3826457ebee50e70fea13c28.jpg_414_262.jpg,shanghai
近浦东国际机场 迪斯尼双床房,5.0,1室,整租,2,238,//pics.muniao.com//UploadFiles/root/room/165740/thumb/101f1cce0c0d466ab898014ae9e300db.jpg_414_262.jpg,shanghai
金玉兰广场日月光寓居一室一厅一厨一卫,5.0,1室,整租,2,799,//pics.muniao.com//UploadFiles/root/room/160402/thumb/f4abbc8d8cfa4ba1a889eb08481a24d4.jpg_414_262.jpg,shanghai
上海嘉定友好家庭八居室 可住16人,5.0,8室,整租,16,997,//pics.muniao.com//UploadFiles/thumb/image/20171229/c921ab0c27364af8a326e63eed9bf73120171229142650813.jpg_414_262.jpg,shanghai
双地铁，近南京西路、静安的工业风一居,5.0,1室,整租,2,378,//pics.muniao.com//UploadFiles/root/room/146657/thumb/867065b8de7b4d0eb6d5f867200a5e4d.jpg_414_262.jpg,shanghai
江宁路地铁站、近静安、火车站的日式榻榻米小屋,5.0,1室,整租,2,520,//pics.muniao.com//UploadFiles/root/room/146654/thumb/f089574bf9b54caa8f822bd63a8955f2.jpg_414_262.jpg,shanghai
莘庄河景房/温馨洁净2居室/5智能电视/智能门锁/配套齐全楼层好/可长租,5.0,2室,整租,4,288,//pics.muniao.com//UploadFiles/root/room/110343/thumb/bdac9263c46449489ac9d06bb39aca51.jpg_414_262.jpg,shanghai
一居美居莘浜路 公园环绕/繁华热闹,5.0,1室,整租,2,268,//pics.muniao.com//UploadFiles/root/room/106430/thumb/4f922c746a6347a9bdb683e19c78ad58.jpg_414_262.jpg,shanghai
同济大学四平路CBD商圈双地铁8号线和10号线豪华大一房,4.8,1室,整租,2,456,//pics.muniao.com//UploadFiles/root/room/276728/thumb/d35aa09d50634c06a5d6f1addd27dddd.jpg_414_262.jpg,shanghai
东安路地铁口旁肿瘤/中山医院安静一室一厅,4.6,1室,整租,4,438,//pics.muniao.com//UploadFiles/root/room/269721/thumb/28113a7cf8ce4039ac602eda3c4d9ba9.jpg_414_262.jpg,shanghai
【亭轩阁】迪斯尼静谧亲子房双床,5.0,1室,整租,3,418,//pics.muniao.com//UploadFiles/thumb/image/20181201/719e5e6e656546c39a9d3a977c6c1b7b20181201221554257.jpg_414_262.jpg,shanghai
崇明岛陈家镇风情两房（三）,5.0,2室,整租,4,398,//pics.muniao.com//UploadFiles/thumb/image/20181024/1af193339a0643d6adeaf4ea1afec0b320181024083325530.jpg_414_262.jpg,shanghai
崇明岛陈家镇风情两房（二）,5.0,2室,整租,4,398,//pics.muniao.com//UploadFiles/thumb/image/20181024/455785ad687e4b999f0201cfff4cb3e220181024083126848.jpg_414_262.jpg,shanghai
593百年淮海路/闹中取静/家庭影院套房,4.1,2室,整租,4,623,//pics.muniao.com//UploadFiles/thumb/image/20181019/198c30e1aff849c4b65e891bd7d6da1420181019152028835.jpg_414_262.jpg,shanghai
上海施家湾欧式精装公寓悦达南郊华都,5.0,2室,整租,4,258,//pics.muniao.com//UploadFiles/thumb/image/20181019/d1e9679429ab4b0fa0fd5c9b1da8165220181019110743817.jpg_414_262.jpg,shanghai
南站植物园景观两床 榻榻米客厅 独享复式房整层,5.0,1室,整租,2,333,//pics.muniao.com//UploadFiles/thumb/image/20181015/5c199edfedb54c74b47a0176ab79b3b320181015064553195.jpg_414_262.jpg,shanghai
地铁13号/7号线，近南京西路、静安寺、火车站中式公寓,5.0,1室,整租,2,500,//pics.muniao.com//UploadFiles/thumb/image/20181010/24a2859676ec4bc79ffbaee2e298d2b220181010112807709.jpg_414_262.jpg,shanghai
永欣高端新国际博览中心第一妇婴医院迪士尼乐园 陆家嘴 地铁7、11、13号线,5.0,1室,整租,2,298,//pics.muniao.com//UploadFiles/thumb/image/20181009/4638addacceb4461998ceebec961399520181009160045977.jpg_414_262.jpg,shanghai
【永欣高端 】新国际博览第一妇婴医院迪士尼乐园地铁7、11、13号线外滩城隍庙,5.0,1室,整租,2,288,//pics.muniao.com//UploadFiles/thumb/image/20181008/7a900cdd8a0141baa41de3f2aa6fb7b520181008204209172.jpg_414_262.jpg,shanghai
崇明岛禅修私家庭院-休闲时光-可做饭<农家乐,5.0,2室,整租,5,580,//pics.muniao.com//UploadFiles/thumb/image/20190507/3a48d08740f5406eb9a06cbab7729d9e20190507002806245.jpg_414_262.jpg,shanghai
DSN一间一舍时尚简约大床房,5.0,1室,整租,2,527,//pics.muniao.com//UploadFiles/thumb/image/20181205/50b9163e4601422a98fb3b3dc611ce1e20181205210956757.jpg_414_262.jpg,shanghai
《独风雅》斜土路/东安路地铁口斜对面两房两厅,4.9,2室,整租,4,599,//pics.muniao.com//UploadFiles/thumb/image/20180911/703344c05fc64b0d9cbd8c9e208821ab20180911172139014.jpg_414_262.jpg,shanghai
周浦地铁口简约LoftDSN动物园③滴水湖④新国际,5.0,1室,整租,4,368,//pics.muniao.com//UploadFiles/thumb/image/20180904/288289e660d444eab553b01becceada620180904171018638.jpg_414_262.jpg,shanghai
龙华医院/南洋模范中学/肿瘤医院隔壁#精装两房#,4.9,2室,整租,5,550,//pics.muniao.com//UploadFiles/thumb/image/20180930/0ee47f43a99345c1b85c9d3ab4cc8b4620180930220353200.jpg_414_262.jpg,shanghai
自动麻将机/投影/东方明珠/夜观上海之巅无死角夜景/电梯,5.0,3室,整租,6,1099,//pics.muniao.com//UploadFiles/root/room/215869/thumb/32cd2352824d42d1ae1ea169fdebcc05.jpg_414_262.jpg,shanghai
靠近秀沿路地铁站 三室一厅一卫一厨,5.0,3室,整租,10,585,//pics.muniao.com//UploadFiles/thumb/image/20180703/aa05530bb51842afb21554a987e3f1ac20180703234756426.jpg_414_262.jpg,shanghai
近虹桥欢乐谷佘山七宝花园洋房，可做饭，小区人工岛能垂钓,5.0,3室,单间出租,2,240,//pics.muniao.com//UploadFiles/thumb/image/20180623/d827a84fa51c4691a2c205786e78856620180623172357328.jpg_414_262.jpg,shanghai
张江高科 离国展中心，汤臣豪园舒适单间房最晚时间接待房客23点。,5.0,5室,单间出租,2,320,//pics.muniao.com//UploadFiles/thumb/image/20180622/2a5a7e914ae54eb8ac4d4b733f20de7620180622090631542.jpg_414_262.jpg,shanghai
地铁房*2站到迪士尼*正规一居室套房，地铁到机场，南京路，外滩，陆家嘴,5.0,1室,整租,3,428,//pics.muniao.com//UploadFiles/thumb/image/20180617/ad7e587bbc8c4999bc8237f281de675720180617134735537.jpg_414_262.jpg,shanghai
碧海金沙海上皇宫夏梦别墅,5.0,7室,整租,20,3880,//pics.muniao.com//UploadFiles/thumb/image/20180815/d7f67b0ed95c4600b1c0da4dd3a5ff0120180815094759281.jpg_414_262.jpg,shanghai
环贸iapm购物中心长乐路带尖顶loft,5.0,1室,整租,4,698,//pics.muniao.com//UploadFiles/thumb/image/20180613/13ae41723a314b1e8fc3b792da0ce62520180613010519068.jpg_414_262.jpg,shanghai
地铁嘉善路中山医院-单间独卫,5.0,2室,单间出租,2,120,//pics.muniao.com//UploadFiles/thumb/image/20190125/778cee67c54d4862b91533d6848d48af20190125155301036.jpg_414_262.jpg,shanghai
迪斯尼附近一梵简美复式洋房大床房,5.0,4室,单间出租,2,788,//pics.muniao.com//UploadFiles/thumb/image/20180528/ab57b59cd32e410fb71481908f6423a120180528182047062.jpg_414_262.jpg,shanghai
澜舍-别墅·4居室套房/近浦东机场、川沙地铁站/迪士尼免费接送,5.0,4室,整租,8,1080,//pics.muniao.com//UploadFiles/root/room/195792/thumb/204acc7cd25d4f6baa0da65147bc077b.jpg_414_262.jpg,shanghai
长乐路一居室洋房淮海路*静安寺*外滩,5.0,1室,整租,3,698,//pics.muniao.com//UploadFiles/root/room/181167/thumb/8fbedf23bc474674bb9537085563421a.jpg_414_262.jpg,shanghai
淮海路里弄特色一房一厅近地铁,5.0,1室,整租,2,542,//pics.muniao.com//UploadFiles/root/room/181136/thumb/3aeba9c45e6a41cfb3f03c1e3aedf29f.jpg_414_262.jpg,shanghai
东平森林公园附近欧式花园独栋别墅,5.0,7室,整租,16,2500,//pics.muniao.com//UploadFiles/root/room/177316/thumb/acb0bdfedc9642a9b583d066c300fa9e.jpg_414_262.jpg,shanghai
"""丽苑""九院瑞金医院红房子医院-家庭房两居",5.0,1室,整租,3,228,//pics.muniao.com//UploadFiles/root/room/176556/thumb/9d2f5c815b164ca986fe41dbabc58761.jpg_414_262.jpg,shanghai
北欧风投影巨幕龙阳路地铁站新国际博览中心2.7.16线外滩田子坊人民广场迪士尼,4.3,3室,整租,7,1299,//pics.muniao.com//UploadFiles/root/room/176016/thumb/8cfc36388a274df19a97b272ab25f4fe.jpeg_414_262.jpeg,shanghai
清新小雏菊家庭房，近迪士尼（乐园免费接送）,5.0,1室,整租,3,298,//pics.muniao.com//UploadFiles/root/room/169531/thumb/939505a81acd44e5b4e939bf5b63f911.jpg_414_262.jpg,shanghai
炫酷蜘蛛侠亲子房，近迪士尼（乐园免费接送）,5.0,1室,整租,3,298,//pics.muniao.com//UploadFiles/root/room/169529/thumb/e48c4b08db7948b5904610938bffdace.jpg_414_262.jpg,shanghai
桃之源-迪士尼灵感街浦东桃之源 8居室,5.0,8室,整租,20,2299,//pics.muniao.com//UploadFiles/root/room/163137/thumb/44c448aae2e04ae4adc7cfa6216c43ba.jpg_414_262.jpg,shanghai
电梯110平两居创智天地复旦财大肺科医院高层民居,5.0,2室,整租,6,738,//pics.muniao.com//UploadFiles/root/room/159649/thumb/0b1bbbcea02d45ac800daaa2346a66e0.jpg_414_262.jpg,shanghai
温馨小屋 地铁七号线 150米 杨高南路站,5.0,3室,单间出租,2,98,//pics.muniao.com//UploadFiles/root/room/155877/thumb/d6613c35e5084255a63b319d194fe51a.jpeg_414_262.jpeg,shanghai
古典风格龙阳路地铁站近新国际博览中心，东方明珠外滩南京东路迪士尼乐园,5.0,3室,整租,6,999,//pics.muniao.com//UploadFiles/thumb/image/20180717/af6bcc80bc324e2db53d9e4357af48db20180717010103875.jpg_414_262.jpg,shanghai
【花息叶语】复兴中路新天地地铁站2分钟 一大会址思南公馆 燃气热水器畅洗安静干净,5.0,1室,整租,2,398,//pics.muniao.com//UploadFiles/thumb/image/20171221/f26102f5c205424990c83665e3a5827020171221113138735.jpg_414_262.jpg,shanghai
欧式奢墅迪士尼乐园附近地下室二层整租,5.0,4室,整租,8,999,//pics.muniao.com//UploadFiles/root/room/149080/thumb/77c65c0d75af4921816513f3dbf08288.jpg_414_262.jpg,shanghai
阳光独立屋洋房/近环贸一居,4.7,1室,整租,2,458,//pics.muniao.com//UploadFiles/root/room/147550/thumb/aafd967ac8c94911888954e1674045ab.jpg_414_262.jpg,shanghai
上海音乐学院旁老房子loft房近地铁,4.6,1室,整租,2,461,//pics.muniao.com//UploadFiles/root/room/146529/thumb/28de2ccbc3b24a208b268c6ec95e3a4c.jpg_414_262.jpg,shanghai
新天地地铁站2分钟 法式洋房 思南公馆 一大会址 外滩近距离,4.9,1室,整租,3,499,//pics.muniao.com//UploadFiles/root/room/145882/thumb/d7416ac0aaf146efbc3ea65580196f87.jpg_414_262.jpg,shanghai
迪士尼度假区附近 主题公寓（爱丽迪士尼2店）,5.0,9室,单间出租,3,298,//pics.muniao.com//UploadFiles/root/room/136935/thumb/8b812203363c48d5b8bfb1de072119cd.jpg_414_262.jpg,shanghai
上海爱丽小屋主题公寓（爱丽迪士尼2店）,5.0,9室,单间出租,4,358,//pics.muniao.com//UploadFiles/root/room/136853/thumb/40024369ca2442f6a9d0d97dad89bf1e.jpg_414_262.jpg,shanghai
江南水乡高级轰趴别墅馆,5.0,5室,整租,10,3580,//pics.muniao.com//UploadFiles/root/room/135318/thumb/c503b1abc875411c813392749ac11e7c.jpg_414_262.jpg,shanghai
米奇童话家庭房  迪斯尼免费车接车送,5.0,1室,整租,4,368,//pics.muniao.com//UploadFiles/root/room/134685/thumb/9517940db63c4c9ab8051412487bb773.jpg_414_262.jpg,shanghai
白雪公主大床间 迪斯尼免费车接车送,5.0,1室,单间出租,2,288,//pics.muniao.com//UploadFiles/root/room/134634/thumb/89e5ed2ff70746c7848c464f46c78989.jpg_414_262.jpg,shanghai
艺术家 虹桥机场 上海国家会展中心15mins,5.0,3室,整租,5,1598,//pics.muniao.com//UploadFiles/root/room/132159/thumb/fd875bf5b1544296badeaf9d8eb63e49.jpg_414_262.jpg,shanghai
泰晤士小镇花园别墅双床大床房,4.3,6室,单间出租,4,298,//pics.muniao.com//UploadFiles/root/room/129821/thumb/183dd3ac91e94a7e8d3052a4af1c0fda.jpeg_414_262.jpeg,shanghai
loft田子坊淮海中路人民广场外滩文艺简约一居,5.0,1室,整租,2,408,//pics.muniao.com//UploadFiles/root/room/129373/thumb/0db6dccc09c5490695c249623edb40a1.jpg_414_262.jpg,shanghai
迪士尼旁白雪公主亲子套房,5.0,1室,整租,4,398,//pics.muniao.com//UploadFiles/root/room/128513/thumb/2826207294c14d1db85359a1bc95f2c7.jpg_414_262.jpg,shanghai
迪士尼旁白雪公主和米奇亲子两居套旁,5.0,2室,整租,4,518,//pics.muniao.com//UploadFiles/root/room/128243/thumb/6ac47b2145764752bf2515c857dd76ff.jpg_414_262.jpg,shanghai
迪士尼乐园朴宿民宿,5.0,4室,单间出租,2,299,//pics.muniao.com//UploadFiles/root/room/126842/thumb/39bc04dcfbd24baba7486f51715b7f06.jpg_414_262.jpg,shanghai
迪士尼度假区旁两居亲子套房,5.0,2室,整租,4,518,//pics.muniao.com//UploadFiles/root/room/126479/thumb/ac13eb8bcdf04785bcd28a233a7de0da.jpg_414_262.jpg,shanghai
上海绮丽公寓临近地铁精装大床房,5.0,1室,整租,2,238,//pics.muniao.com//UploadFiles/root/room/124898/thumb/bc1d3936663240bc9d56f4c44e4f82d8.jpg_414_262.jpg,shanghai
指间砂 上海闹中取静的老洋房,5.0,1室,整租,2,798,//pics.muniao.com//UploadFiles/root/room/120895/thumb/eff2243d20574cd080a7b3049d8c4e99.jpg_414_262.jpg,shanghai
荷轩*咖玛刀医院宋园路地铁站-家庭房-限长租,5.0,2室,单间出租,3,228,//pics.muniao.com//UploadFiles/root/room/120289/thumb/404d66fadd7a4441bcb467d440d5113f.jpg_414_262.jpg,shanghai
紧邻陆家嘴CBD 四条地铁世纪大道站 大床房,5.0,1室,整租,3,338,//pics.muniao.com//UploadFiles/root/room/118293/thumb/104c1673f19046089eab5fcaffec2519.jpg_414_262.jpg,shanghai
迪士尼别墅烧烤/农家菜预定/KTV/聚会,5.0,4室,整租,10,1458,//pics.muniao.com//UploadFiles/root/thumb/211127/9bf5b9510f9044c8aee8f3e9b4a7a951.jpg_414_262.jpg,shanghai
"温馨大床房,近新华医院、江浦路地铁站",5.0,1室,整租,3,339,//pics.muniao.com//UploadFiles/root/room/273363/thumb/51f02b20a2c346d6aa348d892ae8a870.jpg_414_262.jpg,shanghai
紧邻迪士尼/免费接送/适合家庭度假的50平米大开间,5.0,1室,整租,4,1598,//pics.muniao.com//UploadFiles/root/room/270205/thumb/20a5e2f3d34d4c90857b7c9e7f83514b.jpg_414_262.jpg,shanghai
旭日广场，五角场商圈温馨双床房,5.0,1室,整租,5,368,//pics.muniao.com//UploadFiles/root/room/267225/thumb/4af4d8a7f5514113bd396862d014a3b9.jpg_414_262.jpg,shanghai
东方星座温馨大床房,5.0,1室,整租,3,339,//pics.muniao.com//UploadFiles/root/room/267224/thumb/daefbed5a1c645a2a54f524b518d1d39.jpg_414_262.jpg,shanghai
地铁11号线附近 风信子花语8311/接送DSN,5.0,12室,单间出租,2,388,//pics.muniao.com//UploadFiles/root/room/266318/thumb/4b9eccd2195643ac924dca947a93d33a.jpg_414_262.jpg,shanghai
民义村维尼熊甜甜屋舒适大床房,5.0,1室,整租,2,388,//pics.muniao.com//UploadFiles/root/room/266258/thumb/c375c9eb4b43402489739b3ca6c58965.jpg_414_262.jpg,shanghai
迪斯尼亭轩阁一居免费早餐,5.0,1室,整租,2,228,//pics.muniao.com//UploadFiles/root/room/266256/thumb/eb6ec0d49a9f42f2920226e36569f9b4.jpg_414_262.jpg,shanghai
民义村北欧风温馨公主房一居室,5.0,1室,整租,2,388,//pics.muniao.com//UploadFiles/root/room/266255/thumb/42617270cdb14b9985c78377491d372e.jpg_414_262.jpg,shanghai
迪斯尼店火烈鸟粉色少女心一居,5.0,1室,整租,1,288,//pics.muniao.com//UploadFiles/root/room/266254/thumb/2c51a9429b784410aababf4f231f58a5.jpg_414_262.jpg,shanghai
【温馨】情侣浪漫爱情主题房8101接送乐园,5.0,1室,整租,2,388,//pics.muniao.com//UploadFiles/root/room/266205/thumb/a3f8d4c8ed7d4555b092a4a94c855956.jpg_414_262.jpg,shanghai
迪斯尼地铁11号线附近双床房/接送DSN,5.0,1室,整租,2,406,//pics.muniao.com//UploadFiles/root/room/266195/thumb/6dc6c1b24b984f3d82d7c8f1a92a4f29.jpg_414_262.jpg,shanghai
上海野生动物园附近禹州商业广场内一居,4.9,1室,整租,3,265,//pics.muniao.com//UploadFiles/thumb/image/20181101/eef1e2a209fa46e7868cb9d61755d9b520181101091719808.jpg_414_262.jpg,shanghai
妙妙屋新场古镇清新风迪士尼卡通风单间,5.0,7室,单间出租,2,380,//pics.muniao.com//UploadFiles/thumb/image/20181029/f8e405ca4dab400c9f775f73a56ca98220181029142845478.jpg_414_262.jpg,shanghai
【迪士尼乐园接送】毅墅粉色火烈鸟大床房,4.9,1室,整租,2,238,//pics.muniao.com//UploadFiles/thumb/image/20181014/dc000108072a4e969cf7b45c6d20a4ea20181014100357089.jpg_414_262.jpg,shanghai
迪士尼乐园接送/毅墅立体空间大床房,4.9,1室,整租,2,238,//pics.muniao.com//UploadFiles/thumb/image/20181014/ffc22d06f1444c7a9a7c47aa492bbf1f20181014094315194.jpg_414_262.jpg,shanghai
2米宽床+1.8米宽床，11号线秀沿路站步行300米，距迪士尼两站，粉色佩奇套房,5.0,2室,整租,4,199,//pics.muniao.com//UploadFiles/thumb/image/20190604/195dd330171d48bd8bdc78081a85119720190604102430955.jpg_414_262.jpg,shanghai
永欣高端民宿新国际博览第一妇婴医院迪士尼乐园地铁7号11号13号线外滩城隍庙,5.0,1室,整租,2,258,//pics.muniao.com//UploadFiles/thumb/image/20181008/0be7c220ca394892a9d95e08f5e010c620181008180641685.jpg_414_262.jpg,shanghai
秀沿路站步行300米距离迪斯尼两站/新国际博览中心三站,4.9,2室,整租,4,268,//pics.muniao.com//UploadFiles/thumb/image/20190604/11e263848a3c452c8337422afa9a329a20190604101119715.jpg_414_262.jpg,shanghai
距离新华医院50米，距离8号线江浦路地铁站50米,5.0,1室,整租,4,368,//pics.muniao.com//UploadFiles/thumb/image/20181023/5b93bc163a3f4daabd5d724ebd591cdc20181023225826065.jpg_414_262.jpg,shanghai
温馨双床房距离新华医院50米8号线江浦路地铁站,5.0,1室,整租,4,368,//pics.muniao.com//UploadFiles/thumb/image/20180910/adaf75ca205c44ce9ebec9d21498908520180910171839468.jpg_414_262.jpg,shanghai
温馨双床房（73号）距离新华医院50米,5.0,1室,整租,4,368,//pics.muniao.com//UploadFiles/thumb/image/20180910/38d7abebcbeb42929ccf7c411aeb408720180910171739976.jpg_414_262.jpg,shanghai
"温馨大床房（72号）,距离新华医院50米",5.0,1室,整租,4,368,//pics.muniao.com//UploadFiles/thumb/image/20181202/5fc8ea080e1349f29aca591827dc664520181202193936568.jpg_414_262.jpg,shanghai
近徐家汇漕河泾虹桥机场火车站单间,5.0,4室,单间出租,1,288,//pics.muniao.com//UploadFiles/thumb/image/20180908/54bbab49eb0c42368fbfdaabfa5a0b3420180908093508281.jpg_414_262.jpg,shanghai
5-5近徐家汇漕河泾开发区虹桥机场火车站,5.0,4室,单间出租,1,288,//pics.muniao.com//UploadFiles/thumb/image/20180904/9e9fa4e7abc640ed8d964222176ba1c720180904093351731.jpg_414_262.jpg,shanghai
1882南京西路后街洋房loft家庭影院,5.0,1室,整租,2,578,//pics.muniao.com//UploadFiles/thumb/image/20180903/c16ba3b68fbb4815ba5748de3d95b7fb20180903162109711.jpg_414_262.jpg,shanghai
赤峰路地铁200m; 上外＆财大800m内一居,5.0,1室,整租,2,500,//pics.muniao.com//UploadFiles/thumb/image/20180824/e9196ddb6eee4b91b62030fdb3b34c1920180824213324670.jpg_414_262.jpg,shanghai
欢乐聚崇明紫海鹭缘前卫村民宿别墅轰趴3馆,5.0,11室,整租,28,2900,//pics.muniao.com//UploadFiles/thumb/image/20180823/af1df9265d5e47f49975fe2dcb1bb42e20180823092629815.jpg_414_262.jpg,shanghai
欢乐聚崇明紫海鹭缘前卫村民宿别墅轰趴1馆,5.0,8室,整租,16,2900,//pics.muniao.com//UploadFiles/thumb/image/20180822/ab384147f19a430ab1f59c5806dc693c20180822150719836.jpg_414_262.jpg,shanghai
11号线地铁秀沿路站，迪士尼10分钟直达,5.0,1室,整租,2,268,//pics.muniao.com//UploadFiles/thumb/image/20180813/4f1451e230974b34a07c4f1edaa3d3c320180813160053537.jpg_414_262.jpg,shanghai
近复旦儿科医院 上戏 温馨两居室,5.0,2室,整租,4,429,//pics.muniao.com//UploadFiles/thumb/image/20180905/f1d7824795a54ab1a2b417720806625320180905114019047.jpg_414_262.jpg,shanghai
地铁大学城500米 近欢乐谷 玛雅 虹桥 九亭 洞泾,5.0,1室,整租,2,196,//pics.muniao.com//UploadFiles/root/thumb/190811/16ea5bc8bbbf46489263e93a69087240.jpg_414_262.jpg,shanghai
崇明西沙湿地公园、东平国家森林公园附近独栋别墅,5.0,4室,单间出租,2,188,//pics.muniao.com//UploadFiles/thumb/image/20180821/200b669944b14209a1a72ecd098d9aab20180821203540760.jpg_414_262.jpg,shanghai
3-5只接受妹子哦近陆家嘴张江新国际博览中心,5.0,3室,单间出租,1,108,//pics.muniao.com//UploadFiles/thumb/image/20180801/fa68860cf6254de58cf7ec16dd56e8d820180801105112869.jpg_414_262.jpg,shanghai
阳光城愉景湾时尚简约 全功能单间,5.0,4室,单间出租,4,398,//pics.muniao.com//UploadFiles/thumb/image/20180719/c56ddec5236f4b2cbb10d26f185bbce920180719130851163.jpg_414_262.jpg,shanghai
2号地铁站汤臣豪园家庭影院单间房,5.0,5室,单间出租,2,320,//pics.muniao.com//UploadFiles/thumb/image/20180622/61561d4831a64de4bc95edbed56b2d6220180622084808242.jpg_414_262.jpg,shanghai
中山医院瑞金医院地铁嘉善路-家庭房,5.0,2室,单间出租,3,268,//pics.muniao.com//UploadFiles/thumb/image/20180612/4c10d4d5ee8b452f93eb23bd0155dc3620180612210347913.jpg_414_262.jpg,shanghai
迪士尼上海野生动物园舒适双床,5.0,1室,整租,4,468,//pics.muniao.com//UploadFiles/thumb/image/20180606/ed772d1761f94c5ea1f3c3bbd32f479e20180606154352261.jpg_414_262.jpg,shanghai
上海大学附近美式乡村2室2厅房可绘画,5.0,2室,整租,3,388,//pics.muniao.com//UploadFiles/thumb/image/20180606/c039feec70f446289dc69bd72977be7e20180606093827241.jpg_414_262.jpg,shanghai
上海大学近顾村公园花园洋房单间,5.0,4室,单间出租,1,218,//pics.muniao.com//UploadFiles/thumb/image/20180606/2344df7313864e4389feb4b98e2be7f620180606092454472.jpg_414_262.jpg,shanghai
上海大学近顾村公园花园洋房简欧轻单间,5.0,4室,单间出租,1,218,//pics.muniao.com//UploadFiles/thumb/image/20180606/3c849018954244f79cd0e0b062ea63da20180606095219629.jpg_414_262.jpg,shanghai
近17号线地铁朱家角古镇别墅区Loft可住5人可做饭可泡茶免费停车智能门锁,4.6,2室,整租,5,328,//pics.muniao.com//UploadFiles/root/room/196422/thumb/d9b1c62c63934c7fbc46cf3191a3f8d6.jpg_414_262.jpg,shanghai
澜舍-别墅·6室1厅整租／近浦东机场、川沙地铁站/迪士尼免费接送,5.0,6室,整租,15,1800,//pics.muniao.com//UploadFiles/root/room/195801/thumb/b2537ad494a84e0da4d5b10382c9c9d3.jpg_414_262.jpg,shanghai
清新一居室︱崇明生态民宿︱旅游烧烤垂钓,5.0,1室,整租,3,258,//pics.muniao.com//UploadFiles/thumb/image/20180506/9c11dca9cbb345fe984a6858f37ff37b20180506140923553.jpg_414_262.jpg,shanghai
3-4二号线世纪公园地铁站只接受妹子单间,5.0,3室,单间出租,1,88,//pics.muniao.com//UploadFiles/thumb/image/20180911/45cfd2bb2d534547ab63aa1b0870dd2e20180911190615785.jpg_414_262.jpg,shanghai
6-1世纪公园2号线朝南主卧带阳台限女生单间,5.0,4室,单间出租,1,98,//pics.muniao.com//UploadFiles/thumb/image/20180502/8ccdd726c62c47328c0acac84ff6e93b20180502143828934.jpg_414_262.jpg,shanghai
温馨3房整套出租，带沙发床，可做饭,5.0,3室,整租,6,99999,//pics.muniao.com//UploadFiles/root/room/181957/thumb/a2e1d4abe0154de3ae92041fcf89e792.jpg_414_262.jpg,shanghai
奉贤南桥温馨小家??温馨一室一厅 可烧饭,5.0,1室,整租,2,299,//pics.muniao.com//UploadFiles/root/room/181774/thumb/d0920ef9c45b4458bb5344b5b01e356b.jpg_414_262.jpg,shanghai
崇明东滩别墅 三居室 可住6人,5.0,3室,整租,6,2000,//pics.muniao.com//UploadFiles/root/room/177706/thumb/a804540401f44d77b5185836b01b74b5.jpg_414_262.jpg,shanghai
"""四季轩""光华胸科医院虹桥路交通大学-家庭间",4.3,2室,单间出租,3,238,//pics.muniao.com//UploadFiles/root/room/176539/thumb/adfbbf74f9ab4c00bdc9bd5dec36abab.jpg_414_262.jpg,shanghai
【D·House 】静安寺商圈 南京西路 百乐门超温馨2房,5.0,2室,整租,4,369,//pics.muniao.com//UploadFiles/root/room/175915/thumb/a78759222e5e4fb298f51547c93fc2e2.jpg_414_262.jpg,shanghai
